Tweet id,Contenido,Fecha,Categoria,Autor username,Autor displayname,Autor location,Link,Likes,Respuestas,Retweets,Hashtags,Mentioned users,Narrativa
1717742780619845812,"Argentina â€¦ mÃ¡s de siete nefastas dÃ©cadas de peronismo en todas sus metÃ¡stasis, logrando que la gente se abalance sobre un camiÃ³n volcado lleno de papas, en TucumÃ¡n ! ğŸ˜­ğŸ˜¢
Y se sigue votando esto ??
CÃ³mo es posible el resultado de las elecciones del domingo sin un mega fraude ? https://t.co/9zly2R3ty6",2023-10-27 03:19:27+00:00,Tweet,peladoMariano72,Aguante Militar ğŸ‡¦ğŸ‡·ğŸ˜¸ğŸ¦…ğŸ¦†ğŸ¦ğŸ¦ğŸšğŸ‡¸ğŸ‡®,Argentina,https://twitter.com/peladoMariano72/status/1717742780619845812,204,43,111,[],[],Fraude
1716824724876280133,"ARGENTINA...

ASÃ ES COMO HICIERON EL FRAUDE EN LAS ELECCIONES...
@ALIENEGRO @SIUKRA12 https://t.co/Sb0TNHsuWF",2023-10-24 14:31:26+00:00,Tweet,deleon_efe,Efe Deleon,,https://twitter.com/deleon_efe/status/1716824724876280133,85,4,90,[],"[UserRef(id=1679055949, username='ALIENEGRO', displayname='R.R.', _type='snscrape.modules.twitter.UserRef'), UserRef(id=1423150929826680834, username='SIUKRA12', displayname='SIUKRA', _type='snscrape.modules.twitter.UserRef')]",Fraude
1726251215661457845,"ğŸš¨| URGENTE: Alertan de roturas a las boletas electorales de Javier Milei en diferentes ciudades de Argentina para impedir que gane las elecciones presidenciales. ğŸ‡¦ğŸ‡·

El Mega Fraude del kirchnerismo comunista ha comenzado. A fiscalizar y cuidar los votos de la libertad. https://t.co/GeGC7NBMbY",2023-11-19 14:48:56+00:00,Tweet,eduardomenoni,Eduardo Menoni,Colombia/USA,https://twitter.com/eduardomenoni/status/1726251215661457845,4367,270,3299,[],[],Fraude
1716144908614918322,El gobierno de Argentina ya retrasÃ³ los resultados a las 10 de la noche. Ojo con el fraude electoral. No se dejen robar las elecciones por comunistas de mierda. https://t.co/Fm5TmivhVi,2023-10-22 17:30:05+00:00,Tweet,eduardomenoni,Eduardo Menoni,Colombia/USA,https://twitter.com/eduardomenoni/status/1716144908614918322,9479,345,3509,[],[],Fraude
1716249057004286328,"ğŸ”´Lo que esta pasando en Argentina es lo mismo que pasÃ³ con Bolsonaro y Trump, los zurdos son especialistas en fraude, trampa y corrupciÃ³n, hay que recordar quiÃ©n estÃ¡ detrÃ¡s de esta manga de cucarachasğŸ˜¡ el grupo puebla y los dictadores de Latam.
Le robarÃ¡n las elecciones a Milei ğŸ˜¡ 
A la gente weona les gusta vivir en la ğŸ’© y venerar a sus ladrones y SinvergÃ¼enzas, ya ven con Cuba y Venezuela pasa lo mismoğŸ¤·â€â™€ï¸",2023-10-23 00:23:56+00:00,Tweet,medixi,MEDIXI,"ConcepciÃ³n, Chile",https://twitter.com/medixi/status/1716249057004286328,810,64,446,[],[],Fraude
1716742315908231169,"ğŸ”´Desde el aÃ±o 2000, Indra se hizo cargo de la recepciÃ³n y escrutinio de votos en Venezuela, con claras pruebas de fraude aÃ±o tras aÃ±o. Desde entonces el chavismo jamÃ¡s perdiÃ³ unas elecciones.
Â¿Pretende Indra lo mismo con el sanchismo en EspaÃ±a o con el kirchnerismo en Argentina?
Massa aumentÃ³ un 10% de votos desde las primarias en agosto y SÃ¡nchez tambiÃ©n aumentÃ³ del 28M al 23J. 
Â¿CÃ³mo pueden haber crecido en 1 millÃ³n de votos Massa y SÃ¡nchez de una elecciÃ³n a otra en tan poco tiempo?
https://t.co/A2YF7sHpF5
#EleccionesArgentina #EleccionesArgentina2023 #INDRA",2023-10-24 09:03:58+00:00,Tweet,GabrielAraujoES,Gabriel AraÃºjo,Madrid,https://twitter.com/GabrielAraujoES/status/1716742315908231169,921,64,893,[],[],Fraude
1718753244229329206,"Me enterÃ© que la gente estÃ¡ yendo hacia el Obelisco para  contar al mundo que en la Argentina hubo FRAUDE, que Sergio Massa ganÃ³ las elecciones con una amplia diferencia .
Todos saben que Sergio TomÃ¡s llevo a una hiper a la Argentina, no hay programa de gobierno, nadie lo quiere",2023-10-29 22:14:40+00:00,Tweet,AlbertCarp4,Albert,"Villa Sarmiento, Argentina",https://twitter.com/AlbertCarp4/status/1718753244229329206,2281,48,1287,[],[],Fraude
1718740821984354813,ğŸš¨ğŸš¨URGENTE: La gente ya estÃ¡ marchando en el obelisco contra el fraude que hizo Massa. Corran la voz; ahora la gente se dirige a la Casa Rosada https://t.co/mjWDJN8V2M,2023-10-29 21:25:19+00:00,Tweet,ernest2et,liberal libertario,,https://twitter.com/ernest2et/status/1718740821984354813,6908,308,2953,[],[],Fraude
1716321533776252962,"ğŸš¨URGENTEğŸš¨

Al conocerse los resultados preliminares de las elecciones en Argentina, el @MPguatemala ha decidido iniciar una investigaciÃ³n en el paÃ­s sudamericano ante posibles indicios de fraude electoral segÃºn llantos del facherÃ­o argentino

seguiremos informando https://t.co/BxZEqW8NTz",2023-10-23 05:11:56+00:00,Tweet,_rojilla,ğŸ¦•,Cellar Door,https://twitter.com/_rojilla/status/1716321533776252962,725,38,185,[],"[UserRef(id=609174347, username='MPguatemala', displayname='MP de Guatemala', _type='snscrape.modules.twitter.UserRef')]",Fraude
1716264830363926601,"#Argentina Milei y Massa van a segunda vuelta en medio de unas elecciones llenas de denuncias por posible fraude.

Milei, un libertario que le ha explicado a un paÃ­s peronista que la inflaciÃ³n es un fenÃ³meno monetario y por tanto la culpa es de los polÃ­ticos.

Massa, un izquierdista que actualmente es ministro de EconomÃ­a y que muestra cada dÃ­a que no entiende NADA de economÃ­a. 

Lo que viene: Milei no solo tiene que hacer campaÃ±a sino crear toda una red de VIGILANCIA para las prÃ³ximas votaciones!!!",2023-10-23 01:26:36+00:00,Tweet,vanessavallej0,Vanessa Vallejo,"Washington, DC",https://twitter.com/vanessavallej0/status/1716264830363926601,3216,151,985,['Argentina'],[],Fraude
1716522737064091816,"ARGENTINA ğŸ‡¦ğŸ‡· 

Hay 5.000 denuncias por fraude. En todas parece el perjudicado @JMilei 

No es ninguna novedad. 

Todas las elecciones son fraudes.! 

Gana el peor alcahuete de la Mafia JazarÃ¡.ğŸ”´ https://t.co/iQvDl4NF3R",2023-10-23 18:31:26+00:00,Tweet,destapandolose1,ğŸŒEL GRAN DESPERTARğŸŒ,ğŸ‡ºğŸ‡¾UruguayğŸ‡ºğŸ‡¾,https://twitter.com/destapandolose1/status/1716522737064091816,57,4,38,[],"[UserRef(id=4020276615, username='JMilei', displayname='Javier Milei', _type='snscrape.modules.twitter.UserRef')]",Fraude
1716231347080249475,"AsÃ­ que el ministro de ECONOMÃA Sergio Massa se desempeÃ±Ã³ en las elecciones mucho mejor de lo esperado. 

Fraude, trampa. Â¿QuiÃ©n se lo cree? 

La inflaciÃ³n en Argentina tiene una tasa anual del 138%, la mÃ¡s alta en tres dÃ©cadas y entre los paÃ­ses del G20, y Massa es precisamente quien logrÃ³ estos nÃºmeros abÃ­smales.

Â¿Y me van a decir a mi que la gente votÃ³ por mÃ¡s hambre y miseria?

Â¿QuiÃ©n se lo cree?",2023-10-22 23:13:33+00:00,Tweet,realCarola2Hope,Carolina.,"California, USA",https://twitter.com/realCarola2Hope/status/1716231347080249475,512,40,204,[],[],Fraude
1716287206497599690,"â€œLo importante no es quien vota sino quien cuenta los votosâ€ â€”Joseph Stalin

#Argentina acaba de vivir en carne propia ese macabro dicho. Es demasiado sospechoso que en donde se use #SmartMatic, las elecciones den un giro imposible y favorezcan a los #ZurdosEmpobrecedores #FRAUDE https://t.co/Q47dHAngbX",2023-10-23 02:55:31+00:00,Tweet,ElTopDe,De,Bolivia ğŸ‡§ğŸ‡´,https://twitter.com/ElTopDe/status/1716287206497599690,236,26,116,"['Argentina', 'SmartMatic', 'ZurdosEmpobrecedores', 'FRAUDE']",[],Fraude
1729462626197885356,âœˆï¸Join TG channel and have funâœˆï¸âœˆï¸âœˆï¸,2023-11-28 11:29:56+00:00,Tweet,BrunMarion1,Brun Marion,,https://twitter.com/BrunMarion1/status/1729462626197885356,302,10,11,[],[],Fraude
1717149044269576213,"La sombra de @IndraCompany es alargada.. 

5.000 denuncias en Argentina por supuesto fraude electoral. 

TodavÃ­a hay gente que cree que SÃ¡nchez gana elecciones ğŸ™ƒ",2023-10-25 12:00:09+00:00,Tweet,N_Trastamara,Noelia de TrastÃ¡mara,,https://twitter.com/N_Trastamara/status/1717149044269576213,254,18,140,[],"[UserRef(id=73355170, username='IndraCompany', displayname='Indra', _type='snscrape.modules.twitter.UserRef')]",Fraude
1718232593810821619,"#Fraude 
LA CARGA EN EL CENTRO DE COMPUTOS CAMBIO LA ELECCIONES EN TODA ARGENTINA",2023-10-28 11:45:48+00:00,Tweet,ArgDiegote,ğŸ‡¦ğŸ‡·Diegote ğŸ“£ Democracia Republicana siempreâ€¼ï¸ğŸ›‘,Marte...o...ArgentinağŸ¤·,https://twitter.com/ArgDiegote/status/1718232593810821619,419,17,530,['Fraude'],[],Fraude
1718078692428022126,"VENGO A DENUNCIAR PÃšBLICAMENTE LO QUE SUCEDIÃ“ EN ALBERTI. FRAUDE EN LAS ELECCIONES, INTERCAMBIARON LOS RESULTADOS DE PRESIDENTE, GANÃ“ MILEI. AYUDEN A DIFUNDIR Y QUE LLEGUE A LA PERSONA CORRECTA.

https://t.co/SgMHenBuTG https://t.co/0zhydocPuC",2023-10-28 01:34:15+00:00,Tweet,Romantico_CABJ,Romantico,,https://twitter.com/Romantico_CABJ/status/1718078692428022126,4387,287,2949,[],[],Fraude
1717894894251917457,"ğŸ”´Argentina: 
Se multiplican por cientos en redes, los vÃ­deos de denuncias de fraude sistemÃ¡tico en las pasadas elecciones presidenciales. https://t.co/kmMbNFYbVA",2023-10-27 13:23:54+00:00,Tweet,DonDrPr_4ever,_DON_ BAIRES_â­ï¸â­ï¸â­ï¸,"Manhattan, NY",https://twitter.com/DonDrPr_4ever/status/1717894894251917457,65,5,34,[],[],Fraude
1719004150568989014,"Existen 5.000 denuncias por fraude electoral  en las 104.577 mesas habilitadas en la Argentina .                          En 1 de cada 21 mesas, al menos, se habrÃ­an adulterado sus resultados.                       Una cifra escandalosa que deslegitima las elecciones y ante la pasividad de la Justicia  y el silencio cÃ³mplice de los medios, llevan a que los ciudadanos asumamos la defensa de las instituciones. No hay otra.",2023-10-30 14:51:41+00:00,Tweet,JulioRazona,Julio Razona,Mar del Plata ,https://twitter.com/JulioRazona/status/1719004150568989014,3964,195,2287,[],[],Fraude
1716211653480476864,"""Creo que Milei expresa eso: se presentan a las elecciones porque es un mecanismo disponible, pero si ese mecanismo no les funciona ellos dicen que ha habido fraude y apuestan por cualquier tipo de vÃ­a"" Pablo Iglesias

ğŸ“º Especial elecciones Argentina:  https://t.co/lD2OpPwIRW https://t.co/s1F3ctmOY5",2023-10-22 21:55:18+00:00,Tweet,CanalRed_TV,Canal Red,EspaÃ±a,https://twitter.com/CanalRed_TV/status/1716211653480476864,458,56,191,[],[],Fraude
1718314516562251862,"ASI SON LAS ELECCIONES EN ARGENTINA!
Para evitar mas fraude a fiscalizar!!
Siempre fue asÃ­ en la Republica de Peronia #MassaNoVasASerPresidente https://t.co/eaTZckA7vU",2023-10-28 17:11:20+00:00,Tweet,FedeGarrido9,Fede Garrido,,https://twitter.com/FedeGarrido9/status/1718314516562251862,150,14,59,['MassaNoVasASerPresidente'],[],Fraude
1726204385951117548,"Antes de iniciarse la segunda vuelta de elecciones en Argentina el ultraderechista Milei ya habla de 'fraude colosal"". 
El mismo guiÃ³n que Trump que hablÃ³ de ""fraude persistente y repetido"", que Bolsonaro que dijo ""fraude escandaloso"", o que Fujimori que citÃ³ ""fraude sistemÃ¡tico"" https://t.co/EPX05EZuhu",2023-11-19 11:42:51+00:00,Tweet,AnibalGarzon,AnÃ­bal GarzÃ³n ğŸŒ,"Terrassa, Barcelona",https://twitter.com/AnibalGarzon/status/1726204385951117548,853,66,566,[],[],Fraude
1716517914084311521,"Me recuerda a las elecciones presidenciales 2021 en PerÃº, plagado de denuncias por Fraude Electoral y serios cuestionamientos que torcieron la voluntad popular.

Como jefe de campaÃ±a nacional hicimos todas las denuncias posibles, pero no bastÃ³.

Cuidado que te roben, Argentina. https://t.co/b6ea3gaz4Z",2023-10-23 18:12:16+00:00,Tweet,FrancoWarthon,Franco Warthon,"Lima, Peru",https://twitter.com/FrancoWarthon/status/1716517914084311521,291,86,184,[],[],Fraude
1728934340896120949,"If you've ever wished you could ask a book questions, this is for you. 

This AI tool is like ChatGPT for books. 

Just upload any PDF book and ask a question. You'll get an answer with page citations in seconds. 

The best part? It's free.",2023-11-27 00:30:43+00:00,Tweet,rajyaatluri,rajya,"Los Angeles, CA",https://twitter.com/rajyaatluri/status/1728934340896120949,213,0,19,[],[],Fraude
1721316507030884468,MARCHA CONTRA EL FRAUDE HOY. LOS MEDIOS NO TE LO MUESTRAN Y LE SIGUEN PEGANDO A MILEI. #5N #5NTodosALasCalles #Milei #Milei2023 #MileiPresidente #Fraude #Argentina #Elecciones #Elecciones2023 https://t.co/G0R7iIloM8,2023-11-06 00:00:10+00:00,Tweet,NewsMilei,MILEI NEWS,Argentina,https://twitter.com/NewsMilei/status/1721316507030884468,3,1,3,"['5N', '5NTodosALasCalles', 'Milei', 'Milei2023', 'MileiPresidente', 'Fraude', 'Argentina', 'Elecciones', 'Elecciones2023']",[],Fraude
1716602852943003771,"Actual gobierno de Argentina ğŸ‡¦ğŸ‡· comprÃ³ el software del Fraude electrÃ³nico para la elecciones de Argentina ğŸ‡¦ğŸ‡· Fraude al 100 %
#EleccionesArgentina #MileiPresidente #Fraudeelectoral https://t.co/jCqKm8xYFr",2023-10-23 23:49:47+00:00,Tweet,Elizabe91934169,Elizabeth Gabriela,,https://twitter.com/Elizabe91934169/status/1716602852943003771,47,3,19,"['EleccionesArgentina', 'MileiPresidente', 'Fraudeelectoral']",[],Fraude
1612468028230307841,"Â¡AsegurÃ¡ tu hogar online y tenÃ© tu pÃ³liza al instante! ğŸ ğŸ˜ŠğŸ‘‡

ContratÃ¡ la cobertura a tu medida, en simples pasos y siempre con el respaldo de un Productor Asesor.

Para nosotros, lo primero sos vos.",2023-01-09 15:15:10+00:00,Tweet,L2_LaSegunda,La Segunda Seguros,B.G J.M. de Rosas 957 ROSARIO,https://twitter.com/L2_LaSegunda/status/1612468028230307841,68,3,9,[],[],Fraude
1720402341457780827,"LAS ELECCIONES EN ARGENTINA FUNCIONAN

No hay evidencia de fraude para dudar de su integridad.

Los escrutinios provisorios pasados fueron precisos y sin sesgos a favor de ninguna agrupaciÃ³n polÃ­tica, lo demostramos desde @CIPPEC 

El escrutinio en 2023 habla por sÃ­ mismo: https://t.co/4xku8Q6czG",2023-11-03 11:27:36+00:00,Tweet,GCDL,Gala DÃ­az Langou,Argentina,https://twitter.com/GCDL/status/1720402341457780827,1073,150,366,[],"[UserRef(id=201774646, username='CIPPEC', displayname='CIPPEC', _type='snscrape.modules.twitter.UserRef')]",Fraude
1716323533620408482,"Posible fraude en las elecciones en Argentina. Hablan de peronismo o Kichnerismo como si fueran sinÃ³nimos. El peronismo es otra cosa y desapareciÃ³ con PerÃ³n. Argentina y EspaÃ±a van hacia la bolivarizacion de la sociedad con la compra de bolsas de votantes
 https://t.co/Ar3d1Rh80x",2023-10-23 05:19:52+00:00,Tweet,Javiergaciaisac,Javier GarcÃ­a Isac,"Gaza, Palestina ",https://twitter.com/Javiergaciaisac/status/1716323533620408482,287,22,166,[],[],Fraude
1717241973134762074,"ğŸš¨FRAUDE EN ARGENTINAğŸš¨  La misma mecÃ¡nica del fraude en todos los paÃ­ses, la Izquierda - el Socialismo y el Comunismo amaÃ±an las elecciones. Bien claro se lo dijo Lula a Massa ""Haz lo que tengas que hacer, pero gana"". https://t.co/Ci1b6qHTIY",2023-10-25 18:09:25+00:00,Tweet,jaracari86,JAVIER CALLE,"Lima, Peru ",https://twitter.com/jaracari86/status/1717241973134762074,20,0,13,[],[],Fraude
1726266357032038818,"ğŸ‡¦ğŸ‡·| Encuestas en boca de urna en Argentina ya dan como ganador de las elecciones presidenciales el dÃ­a de hoy a Javier Milei. ğŸ‘ Sigan votando y cuidando los votos, cada voto por Milei es necesario para impedir un fraude electoral comunista. Â¡A votar y ganar! https://t.co/TaobnGkBlZ",2023-11-19 15:49:06+00:00,Tweet,eduardomenoni,Eduardo Menoni,Colombia/USA,https://twitter.com/eduardomenoni/status/1726266357032038818,11488,700,3432,[],[],Fraude
1726436201287111155,"Â¿Se imaginan que en Argentina se bajen las elecciones por alegar fraude?ğŸ¤¡
Â¿CÃ³mo se sentirÃ­an los guatemaltecos fanÃ¡ticos de Milei? (Mismos que alegan fraude acÃ¡ solo porque no comparten ideologÃ­a con el partido electo).
Acepten los resultados y se arman un partido para el 2027.",2023-11-20 03:04:00+00:00,Tweet,Alvasol_,Melani S,,https://twitter.com/Alvasol_/status/1726436201287111155,243,19,31,[],[],Fraude
1725534340254224697,"ğŸ™„ TRANSPIRA PERONISMO EL DR. VENTURA ???

Nuevamente querÃ­a imponer a Guillermo Lobo y a la audiencia que NO EXISTE FRAUDE EN LAS ELECCIONES DE ARGENTINA ğŸ‡¦ğŸ‡· 

SerÃ­a bueno que le pregunten a varios damnificados directos como @ljuez o @JulioGarro por ejemplo, no? 

O a legisladores y Concejales que NO ENTRARON por mÃ¡rgenes estrechos! 

El *escrito de #LLA (al que tuve acceso), es verdad que lo leÃ­ y lo compartÃ­, y debo decir que â€œcarece de mucha ARGUMENTACIÃ“N JURÃDICAâ€. 

TambiÃ©n es normal que citen a la hermana del candidato, â€œhasta por carencias de datos filiatotoriosâ€.

Lo de #GendarmerÃ­a es â€œen potencial y ambiguoâ€: no dice â€œprima facieâ€, exactamente quiÃ©nes pudieron â€œhaber o noâ€, adulterado (o no), las Actas en la elecciÃ³n anterior.

Lo que yo leo, es una ambigÃ¼edad pero donde tambiÃ©n peticionan un mayor contralor. 

ğŸ”´ COMPARTÃ EL ESCRITO HACE TS CASI DOS DÃAS en @X â€¦ ( sigo â€¦ post. 2 ) â¬‡ï¸",2023-11-17 15:20:20+00:00,Tweet,JorRausch,Jorge Rausch McKenna,"Buenos Aires, Argentina",https://twitter.com/JorRausch/status/1725534340254224697,52,12,27,[],"[UserRef(id=717048187274575874, username='ljuez', displayname='Luis Juez', _type='snscrape.modules.twitter.UserRef'), UserRef(id=124222509, username='JulioGarro', displayname='Julio Garro', _type='snscrape.modules.twitter.UserRef')]",Fraude
1716283878019617231,"Y en Argentina, la ultraderechista Keiko Fujimori ha abierto una web para registrar denuncias porÂ fraudeÂ tras no ganar en las elecciones presidenciales celebradas este domingo. HabrÃ¡ 2da vuelta.

Keiko Fujimori = Javier Milei https://t.co/BZ6NwfsZjr",2023-10-23 02:42:18+00:00,Tweet,unchasqui,Un Chasqui del Bicentenario,"Lima, Peru",https://twitter.com/unchasqui/status/1716283878019617231,563,37,100,[],[],Fraude
1718613107700875704,"OcurriÃ³ en Venezuela primero, luego como un virus sucediÃ³ en Colombia con Petro, USA con Biden, Beasil con Lula, Chile con Boric, y ahora en la Argentina con Massa, el fraude de la izquierda en las elecciones, delincuente no se mide, estafa. https://t.co/mJ1JfXMR0E",2023-10-29 12:57:49+00:00,Tweet,ivaniz66,IvÃ¡n JesÃºs Izaguirre I.,,https://twitter.com/ivaniz66/status/1718613107700875704,16,0,13,[],[],Fraude
1724397377476337819,"Estas elecciones son demasiado disparejas 

Massa tiene todo el PBI de argentina para hacer campaÃ±a y tiene al 99% de la casta preparada para hacer fraude.
Milei tiene el apoyo de la gente y de Dios

David vs Goliat https://t.co/0Ryq14Ozi2",2023-11-14 12:02:27+00:00,Tweet,liberalote912,thomas shelbyğŸ‡¦ğŸ‡· 56%,ParanÃ¡,https://twitter.com/liberalote912/status/1724397377476337819,61,6,16,[],[],Fraude
1724729258050986362,"MarÃ­a Servini: â€œEn la Argentina no se puede decir que hay posibilidad de fraude, son elecciones seriasâ€ https://t.co/eoJDHfXOm2 https://t.co/VkF92afwbX",2023-11-15 10:01:13+00:00,Tweet,Politica_ln,LA NACION PolÃ­tica,Argentina,https://twitter.com/Politica_ln/status/1724729258050986362,517,191,167,[],[],Fraude
1715616488223052009,"Argentina. Se difunden charlas de fiscales donde dicen explÃ­citamente que deben robarle papeletas de votaciÃ³n a Milei y hacer fraude.

La izquierda amaÃ±ando elecciones por todo el mundo. https://t.co/krg3ZvoHt5",2023-10-21 06:30:20+00:00,Tweet,orgullonaciona1,Orgullo Nacional,,https://twitter.com/orgullonaciona1/status/1715616488223052009,32,2,21,[],[],Fraude
1716457873213956371,"""Ladrones hay en todo el mundo. Pero fans clubs de ladrones solo en la Argentina"". #milei #elecciones #fraude #massa #bullrich #dolar https://t.co/QhFt3hIs0y",2023-10-23 14:13:41+00:00,Tweet,Onsterion,Onsterion,Argentina - Capital Federal,https://twitter.com/Onsterion/status/1716457873213956371,4,0,1,"['milei', 'elecciones', 'fraude', 'massa', 'bullrich', 'dolar']",[],Fraude
1716380840580497739,"Informes procedentes de Argentina sugieren un fraude masivo en las elecciones de Javier Milei.

El partido de Milei ha presentado 4.500 reclamaciones en toda Argentina por papeletas rotas y casos de papeletas que no se contaron. https://t.co/7U8zAGJD90",2023-10-23 09:07:35+00:00,Tweet,tusmedios,TusMedios,EspaÃ±a,https://twitter.com/tusmedios/status/1716380840580497739,15,2,12,[],[],Fraude
1725537241882153403,"El candidato @JMilei de Argentina estÃ¡ denunciando la posible existencia de un fraude en las prÃ³ximas elecciones gauchas. Â¿Por quÃ© serÃ¡ que siempre la derecha, que es la que hace los fraudes, es la que primero sale a denunciarlos en su contra? En este caso serÃ¡ porque el mismo Milei lo estÃ¡ preparando, o porque ya sabe que va a perder las elecciones.",2023-11-17 15:31:52+00:00,Tweet,ernestosamperp,Ernesto Samper Pizano,Colombia,https://twitter.com/ernestosamperp/status/1725537241882153403,1912,710,906,[],"[UserRef(id=4020276615, username='JMilei', displayname='Javier Milei', _type='snscrape.modules.twitter.UserRef')]",Fraude
1661372363680669696,"El @TSEElSalvador contratÃ³ a la empresa espaÃ±ola @IndraCompany, que serÃ¡ la encargada de receptar los votos en el exterior.

Indra Company estÃ¡ involucrada en el fraude electoral en Colombia  y Argentina en elecciones pasadas.

Magistrada del TSE no diÃ³ mÃ¡s detalles al respecto. https://t.co/xdZDKzcePz",2023-05-24 14:03:32+00:00,Tweet,Trends_sv,Trends SV,Area 51,https://twitter.com/Trends_sv/status/1661372363680669696,14,0,9,[],"[UserRef(id=2399965685, username='TSEElSalvador', displayname='TSE El Salvador', _type='snscrape.modules.twitter.UserRef'), UserRef(id=73355170, username='IndraCompany', displayname='Indra', _type='snscrape.modules.twitter.UserRef')]",Fraude
1716267186967167209,"Argentina tiene una de las peores devaluaciones del mundo, la economÃ­a estÃ¡ arruinado y el actual ministro del gobierno inepto, corrupto y atornillado, sale de primero en la primera vuelta de las elecciones presidenciales.

El fraude es evidente y en la segunda vuelta cuadran.-",2023-10-23 01:35:58+00:00,Tweet,FernanMartinez,FernÃ¡n Martinez,BogotÃ¡/Key Biscayne,https://twitter.com/FernanMartinez/status/1716267186967167209,211,20,112,[],[],Fraude
1716240659110052288,"ğŸš¨ ğŸ‡¦ğŸ‡· ğŸ—³ï¸ Partido del candidato Javier Milei ha abierto una web para registrar denuncias por fraude en medio de las elecciones presidenciales de Argentina.
https://t.co/011qW6zQyc",2023-10-22 23:50:33+00:00,Tweet,RPPNoticias,RPP Noticias,"Lima, Peru",https://twitter.com/RPPNoticias/status/1716240659110052288,1294,463,291,[],[],Fraude
1726246944203509824,"ELECCIONES ARGENTINA

Â¿LograrÃ¡ la voluntad popular vencer el fraude MASIVO organizado por la asociaciÃ³n ilÃ­cita K?

MASSA = MAFIA
ContinuarÃ¡... https://t.co/ruUIB30oFw",2023-11-19 14:31:58+00:00,Tweet,LanaMontalban,Lana Montalban,Florida. USA,https://twitter.com/LanaMontalban/status/1726246944203509824,157,15,80,[],[],Fraude
1699324482337308982,Is your inventory ready for Counter Strike 2? ğŸ‘€,2023-09-06 07:31:43+00:00,Tweet,SkinBaronEN,SkinBaronEN,"Hof, Germany",https://twitter.com/SkinBaronEN/status/1699324482337308982,1329,251,375,[],[],Fraude
1729181320834638045,"Did You Know Non U.S Resident Can Still Own A U.S Based LLC or Corp? Business Anywhere Has You Covered Start Your Business Today! 

-No SSN Required 
-Easy, Quick, &amp; Affordable",2023-11-27 16:52:08+00:00,Tweet,BizAnyio,BusinessAnywhere,"Cheyenne, WY",https://twitter.com/BizAnyio/status/1729181320834638045,205,0,13,[],[],Fraude
1716265412139090306,Desde el bÃºnker de Milei se denuncia fraude electoral en las elecciones de Argentina. https://t.co/uyxxSwgB1j,2023-10-23 01:28:55+00:00,Tweet,renzorotta,duilio ğŸ¤”,,https://twitter.com/renzorotta/status/1716265412139090306,29,0,6,[],[],Fraude
1716948063120707885,Elecciones argentina = Fraude enorme !!,2023-10-24 22:41:32+00:00,Tweet,relitobel,litobel,"Buenos Aires, Argentina",https://twitter.com/relitobel/status/1716948063120707885,5,1,2,[],[],Fraude
1728575392695672863,"You ever wonder what YOUR life would have been like if you were in on the EARLY DAYS of a block chain?

This Layer 1 Block Chain is launching in December!

Click below to be one of the first in the know...",2023-11-26 00:44:23+00:00,Tweet,mainnetz,MainnetZ,,https://twitter.com/mainnetz/status/1728575392695672863,83,0,6,[],[],Fraude
1716467685540720867,"No es descabellado pensar que un fraude habrÃ­a  ocurrido ayer en la elecciones en Argentina. No es normal que las vÃ­ctimas escojan a su verdugo como salvador
Bien sabemos que para los rojos el fin justifica los medios, que para ellos atornillarse al poder es una prÃ¡ctica habitual https://t.co/dhI5bHeZ1P",2023-10-23 14:52:41+00:00,Tweet,FranLaraMonge,Fran L & M,Varias,https://twitter.com/FranLaraMonge/status/1716467685540720867,23,4,11,[],[],Fraude
1726379937462890850,"ğŸ‡¦ğŸ‡· Milei ganÃ³ las elecciones en Argentina.
Antes de que salgan resultados oficiales, Massa ha felicitado y deseado suerte al nuevo presidente.
Milei y su equipo hablÃ³ de fraude los Ãºltimos dÃ­as. Massa habla de un sistema electoral sÃ³lido y transparente. https://t.co/mUKhRKepca",2023-11-19 23:20:26+00:00,Tweet,JulianMaciasT,JuliÃ¡n MacÃ­as Tovar,Madrid,https://twitter.com/JulianMaciasT/status/1726379937462890850,322,29,120,[],[],Fraude
1726624444452675602,"No me deja de sorprender la gimnasia mental de la derecha guatemalteca.

Tanto ArÃ©valo como Milei ganaron de forma improbable sus respectivas elecciones, ambos producto del hartazgo.

Pero en Guatemala fue ""fraude"" y en Argentina sÃ­ fue legitimo ğŸ™„.",2023-11-20 15:32:01+00:00,Tweet,AlexDestarac,Alex Destarac,,https://twitter.com/AlexDestarac/status/1726624444452675602,469,71,104,[],[],Fraude
1718692836332183986,"En argentina HUBO FRAUDE, parece tÃ­pico recurso progresista, son incapaces de ganar elecciones de manera limpia.",2023-10-29 18:14:38+00:00,Tweet,zona_libertaria,DamiÃ¡n Olsdal Urra,"Pirque, Chile",https://twitter.com/zona_libertaria/status/1718692836332183986,45,6,28,[],[],Fraude
1725308815975874943,Argentina: â€œFraudeâ€ ronda las elecciones del domingo EN VIVO ğŸ“º#T13Central Â» https://t.co/tdFda9tz69 https://t.co/lLAkbJEIml,2023-11-17 00:24:11+00:00,Tweet,T13,T13,"Santiago, Chile",https://twitter.com/T13/status/1725308815975874943,9,11,10,['T13Central'],[],Fraude
1716175507048325616,"La organizaciÃ³n criminal foro de Sao Paulo y su consigna de fraude.

Elecciones en Venezuela y Argentina.
#EleccionesArgentina2023
#Elecciones2023
#EleccionesVenezuela2023 https://t.co/SMg9GJ28Jl",2023-10-22 19:31:40+00:00,Tweet,Inmortal_MVLL,âšœï¸Inmortal ğŸ‡µğŸ‡ªğŸ‡ºğŸ‡²ğŸ‡ºğŸ‡¦ğŸ‡¹ğŸ‡¼ğŸ‡®ğŸ‡±ğŸ³ï¸ğŸŒ,Rep. Independiente de Arequipa,https://twitter.com/Inmortal_MVLL/status/1716175507048325616,24,4,13,"['EleccionesArgentina2023', 'Elecciones2023', 'EleccionesVenezuela2023']",[],Fraude
1726363206367818017,"Â¿QuÃ© pasÃ³ con el fraude en Argentina?

Ya estÃ¡n cambiando de discurso como en la elecciones de la @MuniLima cuando gritaban fraude contra @rlopezaliaga1 y despuÃ©s ganaron y tuvieron que hacerse los locos.

Terrible que no sepan perder y vendan la teorÃ­a del fraude.",2023-11-19 22:13:57+00:00,Tweet,videitomanda,Memorex,,https://twitter.com/videitomanda/status/1726363206367818017,47,0,24,[],"[UserRef(id=158871696, username='MuniLima', displayname='Municipalidad de Lima', _type='snscrape.modules.twitter.UserRef'), UserRef(id=2492789645, username='rlopezaliaga1', displayname='Rafael LÃ³pez Aliaga', _type='snscrape.modules.twitter.UserRef')]",Fraude
1663163540943822850,"Argentina? Donde hay elecciones democrÃ¡ticas limpias, sin fraude desde hace 30 aÃ±os? 
La oposiciÃ³n turca primero (que apoya este hombre) deberÃ­a primero revisar cÃ³mo su candidato debiÃ³ apelar a un discurso xenofobo y anti inmigrante para ser competitivo antes que opinar sin saber",2023-05-29 12:41:02+00:00,Tweet,ezekopel,Ezequiel Kopel,,https://twitter.com/ezekopel/status/1663163540943822850,141,1,10,[],[],Fraude
1662923221400788993,Some observers are predicting that Turkey will go the way of Argentina. Thatâ€™s the optimistic scenario. I fear Venezuela.,2023-05-28 20:46:06+00:00,Tweet,timurkuran,Timur Kuran,"Durham, NC",https://twitter.com/timurkuran/status/1662923221400788993,823,48,150,[],[],Fraude
1728791619007140173,"Please check my latest podcast episode below covering the market events this week:
https://t.co/CA0U2Z4VG9",2023-11-26 15:03:36+00:00,Tweet,fi1nance,V,"London, England",https://twitter.com/fi1nance/status/1728791619007140173,783,29,21,[],[],Fraude
1699571076626293110,"ğŸŒ AmÃ©rica hoy:

ğŸ‡¦ğŸ‡· Tucker Carlson llegÃ³ a Argentina para entrevistar @JMilei 

ğŸ‡ºğŸ‡¸ La Casa Blanca intenta revivir el COVID a un aÃ±o de las elecciones

ğŸ‡²ğŸ‡½ Corte Suprema despenaliza el aborto y MORENA escoge su candidato presidencial en acusaciones de fraude 

ğŸ‡¸ğŸ‡» Asamblea de El Salvador autoriza alianza con Google para la llegada de oficinas al paÃ­s

ğŸ‡¨ğŸ‡´ Sigue la polÃ©mica tras las declaraciones del hermano de Petro que asegura que llegÃ³ a acuerdo con presos y narcotrÃ¡ficantes para ganar las elecciones

ğŸ‡¨ğŸ‡¦ Protestas violentas de presuntos eritreos",2023-09-06 23:51:35+00:00,Tweet,EmmaRincon,Emmanuel RincÃ³n,"Miami, FL",https://twitter.com/EmmaRincon/status/1699571076626293110,421,30,61,[],"[UserRef(id=4020276615, username='JMilei', displayname='Javier Milei', _type='snscrape.modules.twitter.UserRef')]",Fraude
1723053472889676077,"Hace 4 aÃ±os, la @OEA_oficial revelÃ³ el mayor fraude electoral en Bolivia liderado por @evoespueblo, apoyado por paÃ­ses socialistas como Cuba, Venezuela, MÃ©xico y Argentina apoyaron logÃ­stica y econÃ³micamente. Se repetirÃ¡ en las elecciones de Argentina este 19 de noviembre #Fraude https://t.co/eixGLyF765",2023-11-10 19:02:15+00:00,Tweet,UltraderechaB,ğŸ‡§ğŸ‡´ UltraDerechaB ğŸ‡§ğŸ‡´,Bolivia,https://twitter.com/UltraderechaB/status/1723053472889676077,10,0,3,['Fraude'],"[UserRef(id=242448965, username='OEA_oficial', displayname='OEA', _type='snscrape.modules.twitter.UserRef'), UserRef(id=720786569792253952, username='evoespueblo', displayname='Evo Morales Ayma', _type='snscrape.modules.twitter.UserRef')]",Fraude
1718249898007519296,"Por favor, todos a firmar esta peticiÃ³n, es un obstÃ¡culo mÃ¡s al fraude electoral.

BOLETA ÃšNICA para las elecciones de ballotage en Argentina en noviembre 2023 - Â¡FirmÃ¡ la peticiÃ³n! https://t.co/K6Byc8YMk3 a travÃ©s de @ChangeorgAR",2023-10-28 12:54:33+00:00,Tweet,Haig_Nahabed,Haig_Nahabed ğŸ‡¦ğŸ‡·â­ï¸â­ï¸â­ï¸,C.A.B.A. ,https://twitter.com/Haig_Nahabed/status/1718249898007519296,18,2,16,[],"[UserRef(id=1019812561, username='ChangeorgAR', displayname='Change.org Argentina', _type='snscrape.modules.twitter.UserRef')]",Fraude
1726328254209126529,"Delincuente electoral se graba haciendo fraude en elecciones de Argentina

#Elecciones2023 #SeVanParaSiempre #EleccionesArgentina #EleccionesArgentina2023 #eleccionesargentinas #Balotaje2023 #ArgentinaDecide #ArgentinaVota #Fraude @CamaraElectoral #ArgentinaElige #MileiPresidente https://t.co/Exk3COZd7S",2023-11-19 19:55:04+00:00,Tweet,StgoLibertad,Santiago Libertad,"Santiago, Chile",https://twitter.com/StgoLibertad/status/1726328254209126529,10,0,12,"['Elecciones2023', 'SeVanParaSiempre', 'EleccionesArgentina', 'EleccionesArgentina2023', 'eleccionesargentinas', 'Balotaje2023', 'ArgentinaDecide', 'ArgentinaVota', 'Fraude', 'ArgentinaElige', 'MileiPresidente']","[UserRef(id=1550707568, username='CamaraElectoral', displayname='CÃ¡mara Electoral', _type='snscrape.modules.twitter.UserRef')]",Fraude
1726309394457972875,"ğŸš¨| El activista progre HernÃ¡n GÃ³mez Bruera se graba cometiendo un delito electoral, sustrayendo boletas de Javier Milei, lo que da de 1 a 3 aÃ±os de prisiÃ³n segÃºn el artÃ­culo 139 del cÃ³digo electoral. ğŸ‡¦ğŸ‡·

Â¿DeberÃ­a ser arrestado de inmediato y dejarlo sin la ciudadanÃ­a Argentina? https://t.co/y5k4DpHaye",2023-11-19 18:40:07+00:00,Tweet,eduardomenoni,Eduardo Menoni,Colombia/USA,https://twitter.com/eduardomenoni/status/1726309394457972875,17174,1315,9572,[],[],Fraude
1726400875084595701,"Miedo seria si massa gritara fraude , fernandez no entregara el cargo y el mp de argentina se bajara las elecciones , aca nos guste o no gano la democracia",2023-11-20 00:43:38+00:00,Tweet,elarcaico,Dieguitos & Mafaldas,te sigue ,https://twitter.com/elarcaico/status/1726400875084595701,860,42,84,[],[],Fraude
1726388999768432965,Â¡QuÃ© miedo Argentina!,2023-11-19 23:56:26+00:00,Tweet,mmendoza_GT,Bertha Michelle Mendoza,Estados Unidos,https://twitter.com/mmendoza_GT/status/1726388999768432965,903,276,49,[],[],Fraude
1716438657198903567,"EstÃ¡s elecciones en Argentina han sido manipuladas, robadas, y por supuesto que ha habido fraude electoral.
La Libertad puede que no haya avanzado tanto como esperÃ¡bamos, pero sÃ­ que ha resistido, y mucho.
Esto no va ni de personas o partidos, va de comunismo o libertad.
Â¡Fuerza!",2023-10-23 12:57:20+00:00,Tweet,Guillermo_gva,GuillermoğŸ‡ªğŸ‡¸,"MÃ¡laga, EspaÃ±a",https://twitter.com/Guillermo_gva/status/1716438657198903567,27,0,10,[],[],Fraude
1725949320271221154,"Todos sabemos que el diario El PaÃ­s apoya todo lo que sea pro milicos, pero no podÃ©s titular ""posibilidad de fraude"" en las elecciones de Argentina, mientras ayer el equipo de Milei retirÃ³ las denuncias en la justicia electoral",2023-11-18 18:49:19+00:00,Tweet,guilleBolon,Guille BolÃ³n #59155,,https://twitter.com/guilleBolon/status/1725949320271221154,18,1,4,[],[],Fraude
1724816930299646060,"MarÃ­a Servini: â€œEn la Argentina no se puede decir que hay posibilidad de fraude, son elecciones seriasâ€ https://t.co/34Fbyck2gk https://t.co/AmgOCL14mc",2023-11-15 15:49:36+00:00,Tweet,LANACION,LA NACION,Argentina,https://twitter.com/LANACION/status/1724816930299646060,368,603,89,[],[],Fraude
1725115722563473755,"Este 19 de noviembre cumplo aÃ±os y asÃ­ como el aÃ±o pasado pedÃ­ que Pedro Castillo se largue, esta vez pedirÃ© por Argentina. Espero que @JMilei gane las elecciones,  estoy segura que sin fraude lo lograrÃ¡. 
Â¡Vamos peluca!",2023-11-16 11:36:54+00:00,Tweet,Karblack19,Karblack,,https://twitter.com/Karblack19/status/1725115722563473755,913,101,66,[],"[UserRef(id=4020276615, username='JMilei', displayname='Javier Milei', _type='snscrape.modules.twitter.UserRef')]",Fraude
1593801448206217216,MaÃ±ana cumplo aÃ±os. Y uno de los deseos que le pedirÃ© a Dios es que nuestro paÃ­s se libere de este gobierno infame. ğŸŒŸ https://t.co/guldADcOiA,2022-11-19 03:00:51+00:00,Tweet,Karblack19,Karblack,,https://twitter.com/Karblack19/status/1593801448206217216,2986,140,242,[],[],Fraude
1728222066162143246,"The #1 way to save time reading!

Upload any PDF, document, or book.

Coral AI will answer any question about it, summarize, and give citations in seconds.

The best part? It's free.",2023-11-25 01:20:24+00:00,Tweet,CoralAINews,Coral AI News,,https://twitter.com/CoralAINews/status/1728222066162143246,473,0,43,[],[],Fraude
1727986519531495871,"Que Blackrock te robe un pais.
Compre las elecciones y ponga al guasÃ³n de Presidente
Esto si es demostraciÃ³n de poder. 
Fraude en Argentina",2023-11-24 09:44:25+00:00,Tweet,RachelHolway,Rachel Holway,Planeta Tierra,https://twitter.com/RachelHolway/status/1727986519531495871,141,0,69,[],[],Fraude
1726347124319846896,"Circulan por redes algunos supuestos datos de boca de urna sobre el resultado de las elecciones de Argentina que dan la victoria a Milei.  Â¡Cuidado! Estrategia de psicologÃ­a de masas para poder luego condenar como fraude electoral si finalmente gana Massa.
 #EleccionesArgentina",2023-11-19 21:10:03+00:00,Tweet,AnibalGarzon,AnÃ­bal GarzÃ³n ğŸŒ,"Terrassa, Barcelona",https://twitter.com/AnibalGarzon/status/1726347124319846896,175,40,83,['EleccionesArgentina'],[],Fraude
1719013061560881370,A 40 aÃ±os de la vuelta a la Democracia quieren instalar que hubo fraude en las Elecciones Generales.  La Justicia Nacional Electoral lo desmiente rotundamente. Nunca mÃ¡s fascismo ni neoliberalismo en Argentina. https://t.co/7KbvaxcvNY,2023-10-30 15:27:06+00:00,Tweet,nueveddiciembre,la Ãºnica verdad es la realidad, ig:nueveddiciembre,https://twitter.com/nueveddiciembre/status/1719013061560881370,13,2,12,[],[],Fraude
1728639720266117394,"Disponible en inglÃ©s, espaÃ±ol y japonÃ©s, este folleto gratuito, el segundo de la serie, se centra en los hallazgos de los ensayos clÃ­nicos de los tratamientos que actÃºan sobre PCSK9.

RegÃ­strese gratis al sitio web de R3i y descargue el folleto â¡ï¸ https://t.co/RQbdstXO8z

#R3i https://t.co/VoX1XsYoLB",2023-11-26 05:00:00+00:00,Tweet,R3i_Foundation,R3i Foundation,,https://twitter.com/R3i_Foundation/status/1728639720266117394,21,0,5,['R3i'],[],Fraude
1717722971882562031,Directo - Elecciones Argentina: Â¿Hubo Fraude? https://t.co/SfVhDuRSI8,2023-10-27 02:00:44+00:00,Tweet,Stracof_Zero,StracofZero del 56%,"La Plata, Argentina",https://twitter.com/Stracof_Zero/status/1717722971882562031,13,0,4,[],[],Fraude
1716257807014539444,se esta armando tremendo fraude en Argentina como casi todas las elecciones en Latam,2023-10-23 00:58:42+00:00,Tweet,zabdielmorale11,Zabdiel î¨€,perrolol,https://twitter.com/zabdielmorale11/status/1716257807014539444,11,3,2,[],[],Fraude
1716216017133666470,"Se impone el fraude, la mentira y el acomodo en Argentina?
Igual que en todo SudamÃ©rica?
El foro siempre ensucia las elecciones
#EleccionesArgentina2023
#EleccionesArgentina",2023-10-22 22:12:38+00:00,Tweet,victorhponce,Victor Ponce ğŸ‡µğŸ‡ªğŸ‡±ğŸ‡·ğŸ‡¦ğŸ‡·ğŸ‡ªğŸ‡¨ğŸ‡¨ğŸ‡±ğŸ‡ªğŸ‡¦ğŸ‡©ğŸ‡¬,"Lima, Peru",https://twitter.com/victorhponce/status/1716216017133666470,74,4,38,"['EleccionesArgentina2023', 'EleccionesArgentina']",[],Fraude
1716419668540273022,"Mientras tanto en ARGENTINA los amigos de @msemillagt 

Haciendo un Guatemala ğŸ‡¬ğŸ‡¹ es decir, robÃ¡ndose las elecciones por medio del fraude electrÃ³nico y con el apoyo de los DemÃ³cratas siendo @JMPresidente23 amigo de @realDonaldTrump y @jairbolsonaro 

#Argentina Milei y Massa van a segunda vuelta en medio de unas elecciones llenas de denuncias por posible fraude.

Milei, un libertario que le ha explicado a un paÃ­s peronista que la inflaciÃ³n es un fenÃ³meno monetario y por tanto la culpa es de los polÃ­ticos.

Massa, un izquierdista que actualmente es ministro de EconomÃ­a y que muestra cada dÃ­a que no entiende NADA de economÃ­a. 

@LourdesdeCasti2 @LegisladorGt @Jorgealberto365 @HermaLang",2023-10-23 11:41:53+00:00,Tweet,RafaelAyau,Rafael Ayau,Fuera de la Matrix ,https://twitter.com/RafaelAyau/status/1716419668540273022,60,7,18,['Argentina'],"[UserRef(id=2836151805, username='msemillagt', displayname='Movimiento Semilla ğŸŒ± ğŸ‡¬ğŸ‡¹', _type='snscrape.modules.twitter.UserRef'), UserRef(id=1534083976775749632, username='JMPresidente23', displayname='Milei 2023ğŸ‡¦ğŸ‡·', _type='snscrape.modules.twitter.UserRef'), UserRef(id=25073877, username='realDonaldTrump', displayname='Donald J. Trump', _type='snscrape.modules.twitter.UserRef'), UserRef(id=128372940, username='jairbolsonaro', displayname='Jair M. Bolsonaro', _type='snscrape.modules.twitter.UserRef')]",Fraude
1718231974656049656,"ARGENTINA ALERTA POR #Fraude EN LAS ELECCIONES DEL 22 DE OCTUBRE DE 2023
PEDIMOS COMISIONES Y VEEDORES INTERNACIONALES PARA LAS PROXIMAS ELECCIONES DE 19 DE NOVIEMBRE DE 2023 EN ARGENTINA
@ONU_es @OEA_oficial @PARLASUR @derechos",2023-10-28 11:43:20+00:00,Tweet,ArgDiegote,ğŸ‡¦ğŸ‡·Diegote ğŸ“£ Democracia Republicana siempreâ€¼ï¸ğŸ›‘,Marte...o...ArgentinağŸ¤·,https://twitter.com/ArgDiegote/status/1718231974656049656,30,1,42,['Fraude'],"[UserRef(id=119844526, username='ONU_es', displayname='Naciones Unidas', _type='snscrape.modules.twitter.UserRef'), UserRef(id=242448965, username='OEA_oficial', displayname='OEA', _type='snscrape.modules.twitter.UserRef'), UserRef(id=67116086, username='PARLASUR', displayname='Parlamento MERCOSUR', _type='snscrape.modules.twitter.UserRef'), UserRef(id=18816970, username='derechos', displayname='Derechos Human Right', _type='snscrape.modules.twitter.UserRef')]",Fraude
1718078123336495492,JxC y LLA pidan veedores internacionales para las elecciones del 19/11/23 - Â¡FirmÃ¡ la peticiÃ³n! https://t.co/p0Xy54Xspe vÃ­a @ChangeorgAR,2023-10-28 01:31:59+00:00,Tweet,eugetale,Maria Eugenia Talerico,,https://twitter.com/eugetale/status/1718078123336495492,5721,382,3431,[],"[UserRef(id=1019812561, username='ChangeorgAR', displayname='Change.org Argentina', _type='snscrape.modules.twitter.UserRef')]",Fraude
1726345793676656678,"IncreÃ­ble lo sucedido hoy en las elecciones presidenciales de Argentina, los Kirchneristas/Peronistas se robaron las boletas de Javier Milei, las rompieron, las cambiaron por falsas, en un centro electoral hasta las orinaron. La izquierda siempre es lo mismo, atraso y fraude. ğŸ‘ğŸ»",2023-11-19 21:04:45+00:00,Tweet,Ramnier,Ramnier,Venezuela,https://twitter.com/Ramnier/status/1726345793676656678,70,2,34,[],[],Fraude
1727029370047598852,"@evoespueblo @Pontifex_es â€œFascismoâ€, â€œneoliberalismoâ€, â€œultraderechismoâ€â€¦ no, no es un meme, es el ex narco-presidente boliviano que hizo fraude en las elecciones del 2019, y que el fracasado de Alberto FernÃ¡ndez le dio cobijo en Argentina.",2023-11-21 18:21:03+00:00,Tweet,AgustinLaje,AgustÃ­n Laje,Argentina,https://twitter.com/AgustinLaje/status/1727029370047598852,16429,203,2008,[],"[UserRef(id=720786569792253952, username='evoespueblo', displayname='Evo Morales Ayma', _type='snscrape.modules.twitter.UserRef'), UserRef(id=525264466, username='Pontifex_es', displayname='Papa Francisco', _type='snscrape.modules.twitter.UserRef')]",Fraude
1716550319469895701,"En Colombia los izquierdozos de mierda nos robaron la presidencia con dinero del NarcotrÃ¡fico y compra del registrador; lo triste es que ningÃºn candidato peleo el fraude. En Argentina se quieren robar tambiÃ©n las elecciones, la gente no debe dejar y Milei debe dar la pelea.",2023-10-23 20:21:02+00:00,Tweet,Nikousedaghat_,Nikou Sedaghat ğŸ§‘â€âš–ï¸ğŸ‡¨ğŸ‡´ es ğŸ‡®ğŸ‡±,"Barranquilla, Colombia",https://twitter.com/Nikousedaghat_/status/1716550319469895701,25,1,11,[],[],Fraude
1724761315623805169,"A dÃ­as de una de una de las ELECCIONES MÃS IMPORTANTES de la Historia Argentina, HAY MUCHAS GANAS DE VOTAR
Cada PresentaciÃ³n de Milei es una Multitud
Pocas Reservas y Muchas Cancelaciones x el FERIADO
Pero la elecciÃ³n estÃ¡ MUY PAREJA, el FRAUDE la define
EL Q NO FISCALIZA PIERDE https://t.co/bGzE5tRmVT",2023-11-15 12:08:36+00:00,Tweet,pblcabj,#NoSoyNeutral,CABA - ARGENTINA,https://twitter.com/pblcabj/status/1724761315623805169,24,2,26,[],[],Fraude
1716244873206984748,"Fraude elecciones presidenciales argentina 2023
#fraude #elecciones",2023-10-23 00:07:18+00:00,Tweet,NandoCastroTV1,Mathias PÃ©rez,"Montevideo, Uruguay",https://twitter.com/NandoCastroTV1/status/1716244873206984748,0,0,0,"['fraude', 'elecciones']",[],Fraude
1729494314407854246,"Rather than relying on traditional mixing methods, a groundbreaking high-speed curved path for the process container and its contents has instead been developed. 

Read more in our #AnugaFoodTecMagazine

Purchase your ticket for #AnugaFoodTec2024 here: https://t.co/36YLhWeRdj",2023-11-28 13:35:51+00:00,Tweet,anugafoodtec,Anuga FoodTec,Cologne,https://twitter.com/anugafoodtec/status/1729494314407854246,11,0,0,"['AnugaFoodTecMagazine', 'AnugaFoodTec2024']",[],Fraude
1716185793037767071,"Autoridad electoral en la Argentina ğŸ‡¦ğŸ‡·, emite comunicado ante las denuncias de @JMPresidente23 Milei de que le robarÃ¡n las elecciones. AbriÃ³ un sitio web para que la ciudadanÃ­a documente , lo que el dice que serÃ¡ fraude hoy . https://t.co/UEVA5gFHsK",2023-10-22 20:12:32+00:00,Tweet,vozdeltuit,Mario Rosales,Guatemala,https://twitter.com/vozdeltuit/status/1716185793037767071,48,20,9,[],"[UserRef(id=1534083976775749632, username='JMPresidente23', displayname='Milei 2023ğŸ‡¦ğŸ‡·', _type='snscrape.modules.twitter.UserRef')]",Fraude
1728796918145286335,"De manual, asÃ­ como cantaron el fraude antes de las elecciones en Argentina, ahora sin haber asumido, y previendo un posible fracaso cantan golpe de estado, y llaman a la violencia estatal en caso de inconformidad de la gente. Igual que los castristas, o Evo Morales en Bolivia! https://t.co/CR3T8vYvdB",2023-11-26 15:24:39+00:00,Tweet,CubaAndry,Andry Cuba,,https://twitter.com/CubaAndry/status/1728796918145286335,5,1,0,[],[],Fraude
1726525521964748979,"el problema es que en Argentina son elecciones normales, no hay fraude ni resultados falsos.",2023-11-20 08:58:56+00:00,Tweet,guarodaniel9,El guaro Daniel.,,https://twitter.com/guarodaniel9/status/1726525521964748979,20,1,5,[],[],Fraude
1726360261584453960,"GANÃ“ JAVIER MILEI ... GRANDE ARGENTINA ğŸ‡¦ğŸ‡·ğŸ‡¦ğŸ‡·ğŸ‡¦ğŸ‡· LUEGO SERÃ EL TURNO DE VENEZUELA... ğŸ‡»ğŸ‡ªğŸ‡»ğŸ‡ªğŸ‡»ğŸ‡ª
#ULTIMAHORA https://t.co/MEeU4MqZQ3",2023-11-19 22:02:15+00:00,Tweet,JosRodney,ANÃLISIS SUR,Pto. Ordaz - Edo. BolÃ­var ,https://twitter.com/JosRodney/status/1726360261584453960,283,12,112,['ULTIMAHORA'],[],Fraude
1719176341503746143,"Â¿FRAUDE? #Argentina en el ojo del HuracÃ¡n por los resultados de las pasadas elecciones presidenciales.
GravÃ­simo que hubieran manipulando los resultados en contra de @JMilei",2023-10-31 02:15:55+00:00,Tweet,MikyRodriguezO1,ğŸ‡¨ğŸ‡´ MikyRodrÃ­guezOficial,,https://twitter.com/MikyRodriguezO1/status/1719176341503746143,30,1,35,['Argentina'],"[UserRef(id=4020276615, username='JMilei', displayname='Javier Milei', _type='snscrape.modules.twitter.UserRef')]",Fraude
1719086005062373475,SubÃ­ el volumen y escucha a Luis Gasulla hablando del fraude electoral. Este video deberÃ­a tener un millÃ³n de compartidos. Que el mundo se entere las trampas que hicieron los kirchneristas en las elecciones. ğŸ§¨ğŸ’¥âœŒï¸ https://t.co/e1pRFncgPp,2023-10-30 20:16:57+00:00,Tweet,indignadoxd,INDIGNADO,,https://twitter.com/indignadoxd/status/1719086005062373475,14814,494,10537,[],[],Fraude
1716466797833011357,"La izquierda en #Argentina haciendo FRAUDE ELECTORAL para ganar las elecciones, y aquÃ­ en Chile hay chilenos apoyando a la izquierda que votarÃ¡ EN CONTRA para que tambiÃ©n gane las elecciones en Diciembre ?  No logro entenderlo...A #Kast le hicieron lo mismo.. https://t.co/htY1P3u1DN",2023-10-23 14:49:09+00:00,Tweet,gastonoyarzun2,ğŸ‡¨ğŸ‡± Erwin Pempelfort ğŸ‡©ğŸ‡ª,Valdivia - Chile,https://twitter.com/gastonoyarzun2/status/1716466797833011357,8,3,4,"['Argentina', 'Kast']",[],Fraude
1726722096884285445,"ÃšLTIMA HORA: Sandra Torres denuncia la intromisiÃ³n de Dionisio GutiÃ©rrez en las elecciones y quien estarÃ­a detrÃ¡s del fraude de Milei, en Argentina. Pide nuevo conteo de votos.",2023-11-20 22:00:03+00:00,Tweet,hshetemul,Haroldo Shetemul,,https://twitter.com/hshetemul/status/1726722096884285445,47,7,16,[],[],Fraude
1725158949677085148,"DIONISIO GUTIERREZ detrÃ¡s de los fraudes electorales desde el 2015 segÃºn Sandra Torres.

VÃ­a: YouTube https://t.co/4tsaa75gu3",2023-11-16 14:28:40+00:00,Tweet,noti_radio,NotiRadio,,https://twitter.com/noti_radio/status/1725158949677085148,8,7,6,[],[],Fraude
1724798565040722334,"Jueza MarÃ­a Servini de CubrÃ­a: â€œEn la Argentina no se puede decir que hay posibilidad de fraude, son elecciones seriasâ€ 
Bueno, espero que tome todas las medidas necesarias para que asÃ­ sea.",2023-11-15 14:36:37+00:00,Tweet,edit_iris,Iris E. Soto,Ciudad AutÃ³noma de Bs. Aires,https://twitter.com/edit_iris/status/1724798565040722334,14,0,5,[],[],Fraude
1728224260835955085,"Coral AI is the #1 productivity tool for writers.

It will find you the perfect quotes with page citations from any document, book, or research paper.

It's like ChatGPT, but built for writers.

The best part? It's free.",2023-11-25 01:29:07+00:00,Tweet,CoralAINews,Coral AI News,,https://twitter.com/CoralAINews/status/1728224260835955085,369,0,22,[],[],Fraude
1728628306206208497,"Guatemala y Argentina tienen muchas cosas en comÃºnâ€¦ ojalÃ¡ algÃºn dÃ­a tengan en comÃºn elecciones donde la gente pelee para que no tengamos otro fraude.
https://t.co/1UBqW4rxu1 https://t.co/eTG6DgtAxq",2023-11-26 04:14:39+00:00,Tweet,RealRodrigoPolo,Rodrigo Polo,,https://twitter.com/RealRodrigoPolo/status/1728628306206208497,9,1,6,[],[],Fraude
1726363558672306417,"#Argentina LLA Agitaron fraude todo este tiempo. Ahora que parece que ganan, las elecciones son transparentes y perfectas. AsÃ­ son de democrÃ¡ticos.  HabrÃ¡ que ejercer una oposiciÃ³n muy democrÃ¡tica y muy fuerte.",2023-11-19 22:15:21+00:00,Tweet,AliciaLissidini,Alicia Lissidini,RÃ­o de la Plata ,https://twitter.com/AliciaLissidini/status/1726363558672306417,28,0,3,['Argentina'],[],Fraude
1724788367840493754,Indra viene haciendo todas las elecciones grandes de Argentina desde hace no se cuÃ¡ntas dÃ©cadas. Pero Milei se acaba de enterar y flashea fraude por eso...,2023-11-15 13:56:06+00:00,Tweet,fisadev,Juan Pedro Fisanotti,Pale blue dot,https://twitter.com/fisadev/status/1724788367840493754,51,2,9,[],[],Fraude
1724780203048886326,DATO,2023-11-15 13:23:39+00:00,Tweet,JMilei,Javier Milei,"Buenos Aires, Argentina",https://twitter.com/JMilei/status/1724780203048886326,24070,2705,5669,[],[],Fraude
1729424807958086059,ğŸ“² Join the channel and have fun,2023-11-28 08:59:40+00:00,Tweet,egy_md,EgyMD,Egypt,https://twitter.com/egy_md/status/1729424807958086059,447,25,20,[],[],Fraude
1726436299496686025,"@julianaoxenford Jajaja ğŸ˜ƒğŸ˜ƒğŸ˜ƒ, culebritica,Milei no fue cojudo puzo personeros en todo la Argentina, porque sinÃ³ le hacÃ­an el fraude,no solamente a Keyko sinÃ³ en todos los paÃ­ses donde la izquierda participa en elecciones generales gana con fraude , asÃ­ que no vengas a hablar de democracia loca",2023-11-20 03:04:24+00:00,Tweet,CarloR_huacho12,Carlos Ramos,,https://twitter.com/CarloR_huacho12/status/1726436299496686025,95,3,10,[],"[UserRef(id=1271961894685937670, username='julianaoxenford', displayname='Juliana Oxenford', _type='snscrape.modules.twitter.UserRef')]",Fraude
1720184711815860713,"ğŸ‡¦ğŸ‡·ğŸ—³ï¸ Por el momento no hay pruebas de fraude en las elecciones de #Argentina, aunque preocupa lo que se acaba de descubrir en La Plata

Sin embargo, se ha naturalizado el fenÃ³meno de la â€œcancha inclinadaâ€, es decir, el oficialismo haciendo uso de los recursos del Estado para sacar ventaja a la oposiciÃ³n. 

Estas prÃ¡cticas deterioran la competitividad y la integridad electoral",2023-11-02 21:02:49+00:00,Tweet,JesusDValery,JesÃºs Delgado Valery,"Buenos Aires, Argentina",https://twitter.com/JesusDValery/status/1720184711815860713,8,1,5,['Argentina'],[],Fraude
1720177025392980403,"ğŸ‡¦ğŸ‡·ğŸ—³ï¸ Entrevista de @RadioUBA a @JesusDValery, Director Ejecutivo de #TransparenciaElectoral

ğŸ—£ï¸Las elecciones generales argentinas se dieron en un contexto de â€œcancha inclinadaâ€

ğŸ—£ï¸El candidato oficialista se valiÃ³ de los recursos del Estado para sacar ventaja a sus adversarios https://t.co/viZ9F3OIqu",2023-11-02 20:32:16+00:00,Tweet,TransparenciaAL,Transparencia Electoral,"Buenos Aires, Argentina",https://twitter.com/TransparenciaAL/status/1720177025392980403,2,0,1,['TransparenciaElectoral'],"[UserRef(id=190749432, username='RadioUBA', displayname='Radio UBA 87.9', _type='snscrape.modules.twitter.UserRef'), UserRef(id=46962915, username='JesusDValery', displayname='JesÃºs Delgado Valery', _type='snscrape.modules.twitter.UserRef')]",Fraude
1725969755398344836,ğŸ‡¦ğŸ‡·#Tele13RadioEnArgentinaÂ | @angelicabulnes y @pcomandari se reÃºnen en Buenos Aires para entregarnos la mejor cobertura de las elecciones presidenciales en Argentina. Â¿QuÃ© ocurriÃ³ con la denuncia de fraude electoral desde el sector de Javier Milei? AquÃ­ te lo contamos. https://t.co/3pe9rXmpbu,2023-11-18 20:10:31+00:00,Tweet,Tele13_Radio,Tele13 Radio,Chile,https://twitter.com/Tele13_Radio/status/1725969755398344836,27,6,4,['Tele13RadioEnArgentina'],"[UserRef(id=96645239, username='angelicabulnes', displayname='Angelica Bulnes', _type='snscrape.modules.twitter.UserRef'), UserRef(id=43968262, username='pcomandari', displayname='Paula Comandari', _type='snscrape.modules.twitter.UserRef')]",Fraude
1725525178921447897,@fargosi @milei Pero si Clarin saliÃ³ hoy con un artÃ­culo certificando que Argentina NO tiene un problema de fraude en las elecciones. ğŸ˜‚ğŸ˜‚ğŸ¤¡,2023-11-17 14:43:56+00:00,Tweet,buelax,Robert Bullon,,https://twitter.com/buelax/status/1725525178921447897,55,3,3,[],"[UserRef(id=254599256, username='fargosi', displayname='Alejandro Fargosi', _type='snscrape.modules.twitter.UserRef'), UserRef(id=844255187409686528, username='milei', displayname='M.', _type='snscrape.modules.twitter.UserRef')]",Fraude
1727051049545105824,"â€œFascismoâ€, â€œneoliberalismoâ€, â€œultraderechismoâ€â€¦ no, no es un meme, es el ex narco-presidente boliviano que hizo fraude en las elecciones del 2019, y que el fracasado de Alberto FernÃ¡ndez le dio cobijo en Argentina.

Laje no lo pudo decir mejor !",2023-11-21 19:47:11+00:00,Tweet,LOKI747,JJChagerben,Tu mente. ,https://twitter.com/LOKI747/status/1727051049545105824,27,1,6,[],[],Fraude
1726920415900029163,"Nunca vamos a desear Ã©xito al fascismo, ultraderechismo y neoliberalismo que insulta al Hermano Papa de los pobres @Pontifex_es, ofrece la venta de Ã³rganos y agrede a pueblos hermanos como China, Brasil, Venezuela, Cuba y Nicaragua para apoyar al sionismo genocida y al imperialismo yanqui desde AmÃ©rica Latina. 

Respetamos la decisiÃ³n democrÃ¡tica del hermano pueblo argentino.  Pero como MAS-IPSP, la organizaciÃ³n polÃ­tica indÃ­gena y popular mÃ¡s grande de la historia de Bolivia nos mantenemos firmes en la lucha ideolÃ³gica contra la ultraderecha.

Nunca claudicaremos nuestros principios ante los aliados de los que enviaron armamento para sostener al gobierno de facto de Jeanine AÃ±ez.",2023-11-21 11:08:06+00:00,Tweet,evoespueblo,Evo Morales Ayma,,https://twitter.com/evoespueblo/status/1726920415900029163,21667,14223,5203,[],"[UserRef(id=525264466, username='Pontifex_es', displayname='Papa Francisco', _type='snscrape.modules.twitter.UserRef')]",Fraude
1728934592344895947,Get ready to battle! Skirmish Season 8 events are running worldwide from Nov 18 - Dec 10. Find an event near you! âš”,2023-11-27 00:31:43+00:00,Tweet,fabtcg,Flesh and Blood,,https://twitter.com/fabtcg/status/1728934592344895947,372,19,33,[],[],Fraude
1726665771412250792,"Las noticias del dÃ­a â„¹ 

-Javier Milei gana las elecciones en Argentina.

-Shakira admite fraude fiscal en EspaÃ±a y pacta una multa millonaria para evitar la prisiÃ³n.

-Biden cumple 81 aÃ±os en medio de una caÃ­da de popularidad sin precedentes.

ğŸ™ï¸ @veronicasilveri https://t.co/3f4FZ94toC",2023-11-20 18:16:14+00:00,Tweet,VozMediaUSA,VOZ,USA,https://twitter.com/VozMediaUSA/status/1726665771412250792,7,0,3,[],"[UserRef(id=214701056, username='veronicasilveri', displayname='VerÃ³nica Silveri Pazos', _type='snscrape.modules.twitter.UserRef')]",Fraude
1726702130776707466,"Los organismos electorales y mecanismos anti fraude en Argentina mostraron su eficacia. Massa tuvo que reconocer su derrota al terminar el primer dÃ­a de conteo. Tenemos que asegurarnos que en las elecciones de Mexico suceda lo mismo.
#XochitlGalvezPresidenta2024",2023-11-20 20:40:43+00:00,Tweet,DiazGonzalo55,Gonzalo DÃ­az,,https://twitter.com/DiazGonzalo55/status/1726702130776707466,23,2,8,['XochitlGalvezPresidenta2024'],[],Fraude
1724056432033566808,"""En Argentina no hay #fraude"", sentencia @AdrianVenturaTV.

En Venezuela, los periodistas que trabajan para los medios, todos controlados por el rÃ©gimen, dicen lo mismo. 
TambiÃ©n hay elecciones, Congreso, ""oposiciÃ³n"" y ""justicia"", y todos trabajan en fraude a la realidad.",2023-11-13 13:27:39+00:00,Tweet,carolina_moine,Carolina Moine,Ciudad AutÃ³noma de Buenos Aire,https://twitter.com/carolina_moine/status/1724056432033566808,126,10,73,['fraude'],"[UserRef(id=3362290684, username='AdrianVenturaTV', displayname='AdriÃ¡n Ventura', _type='snscrape.modules.twitter.UserRef')]",Fraude
1726279534473859107,@therealbuni @hombregrisdel30 Probablemente las elecciones fueron decididas mediante fraude a priori. Es la Ãºltima oportunidad a la Argentina y argentinos de tener una vida y un futuro digno.,2023-11-19 16:41:28+00:00,Tweet,DrB10ckchain,Doctor Blockchain,,https://twitter.com/DrB10ckchain/status/1726279534473859107,214,1,3,[],"[UserRef(id=1158115510606815232, username='therealbuni', displayname='ElBuni', _type='snscrape.modules.twitter.UserRef'), UserRef(id=1472489976201895939, username='hombregrisdel30', displayname='Reptiliano del 10%', _type='snscrape.modules.twitter.UserRef')]",Fraude
1726661834940514323,"El sistema electoral de Argentina y Uruguay estÃ¡ llamando la atenciÃ³n de los paÃ­ses "" del primer mundo "". No usamos voto electrÃ³nico en elecciones nacionales, votamos presencial, con identificaciÃ³n, en el lugar que nos corresponde y fiscalizamos cada voto. Se dificulta el fraude",2023-11-20 18:00:35+00:00,Tweet,Lufer65565270,Lufer,,https://twitter.com/Lufer65565270/status/1726661834940514323,3,1,2,[],[],Fraude
1727076240589259109,"#NoticiasdeldÃ­a | Estas son las 5 noticias del dÃ­a:
-#Shakira paga millonaria multa por fraude fiscal
-Hallan a trabajador de #Bimbo dentro de contenedor
-#Milei gana elecciones de #Argentina
-Se derrumba puente vehicular en #RepÃºblicaDominicana  
-Secuestran barco en  #MarMuerto https://t.co/sG84XVDxhO",2023-11-21 21:27:17+00:00,Tweet,DigitalNewsQR,Digital News QR,Quintana Roo,https://twitter.com/DigitalNewsQR/status/1727076240589259109,0,0,0,"['NoticiasdeldÃ­a', 'Shakira', 'Bimbo', 'Milei', 'Argentina', 'RepÃºblicaDominicana', 'MarMuerto']",[],Fraude
1727121049580404876,"Para que se replique aquÃ­ las elecciones de Argentina donde los testigos de mesa tomaron fotos a las actas y por supuesto la ciudadanÃ­a que apoye a los testigos, porque en elecciones pasada siempre los sacan para realizar el fraude....hay que organizarse muy bien desde ahora",2023-11-22 00:25:21+00:00,Tweet,MIsabelOrtega40,Mariela Ortega,,https://twitter.com/MIsabelOrtega40/status/1727121049580404876,2,0,1,[],[],Fraude
1726965803914817702,"He recibido informaciÃ³n de que Maduro y su camarilla tienen previsto convocar las elecciones presidenciales para el 13 de octubre del prÃ³ximo aÃ±o.

Debemos redoblar esfuerzos en materia polÃ­tica y organizaciÃ³n electoral para el triunfo de MarÃ­a Corina y los desafÃ­os que implica la transiciÃ³n.

El compromiso de la unidad debe privar en aquellos que de manera autÃ©ntica apostamos a la derrota de la barbarie roja en el 2024. No es tiempo de ambigÃ¼edades.

#21Nov Trabajando #ConLaGente por #ElBuenPaÃ­s

Agradecido con  @Analitica,@efigueredop y mis buenos amigos @calderonberti @AndresVelasqz",2023-11-21 14:08:27+00:00,Tweet,CesarPerezVivas,CÃ©sar PÃ©rez Vivas,"La Grita, TÃ¡chira | Venezuela ",https://twitter.com/CesarPerezVivas/status/1726965803914817702,1051,132,534,[],[],Fraude
1726731260616200317,"ğŸ‡¦ğŸ‡·ğŸš¨ #EleccionesArgentina2023 

En #Argentina vetaron el uso de las mÃ¡quinas de votaciÃ³n que permitÃ­an el #FRAUDE electoral.

Por eso Javier Milei logrÃ³ ganar las elecciones!! @JMilei 

Bravo!!!",2023-11-20 22:36:28+00:00,Tweet,alexmolinamgt,Alex Molina ğŸ‡¬ğŸ‡¹,"Guatemala, Guatemala",https://twitter.com/alexmolinamgt/status/1726731260616200317,8,0,4,"['EleccionesArgentina2023', 'Argentina', 'FRAUDE']","[UserRef(id=4020276615, username='JMilei', displayname='Javier Milei', _type='snscrape.modules.twitter.UserRef')]",Fraude
1726585877491806436,"â€œHow did Argentina know the election result so fast?â€ 

Oh, they banned electronic voting machines https://t.co/tMr950Y4Yc",2023-11-20 12:58:46+00:00,Tweet,JackPosobiec,Jack Poso ğŸ‡ºğŸ‡¸,,https://twitter.com/JackPosobiec/status/1726585877491806436,23594,376,6438,[],[],Fraude
1726648200935948622,Ya el TSJ dio emitiÃ³ una resoluciÃ³n que descose a Javier Milei como nuevo presidente de la Argentina y declara nula estas elecciones por fraude!...,2023-11-20 17:06:25+00:00,Tweet,donramovaldez8,Don RamÃ³n,AmÃ©rica Latina. ,https://twitter.com/donramovaldez8/status/1726648200935948622,0,0,0,[],[],Fraude
1726762461821366652,OjalÃ¡ aprendamos de Argentina el como controlar las elecciones y de ese modo evitar el fraude.,2023-11-21 00:40:27+00:00,Tweet,orlando21886673,orlando segura,,https://twitter.com/orlando21886673/status/1726762461821366652,1,0,0,[],[],Fraude
1653184060296970242,"#EleccionesPy2023| La senadora electa sostuvo que ""les robaron estas elecciones"" y que las mÃ¡quinas de votaciÃ³n supuestamente fueron proveÃ­das por una empresa acusada de fraude en Argentina.

https://t.co/dLpA8GWQ0Z",2023-05-01 23:46:09+00:00,Tweet,ABCDigital,ABC Digital,"AsunciÃ³n, Paraguay",https://twitter.com/ABCDigital/status/1653184060296970242,140,11,45,['EleccionesPy2023'],[],Fraude
1718764130759241728,"@agusantonetti Hola AgustÃ­n. Es por el fraude porque en Argentina vivimos en un rÃ©gimen con el de Venezuela. Con Congreso, con Justicia, con ""oposiciÃ³n"", con elecciones, con periodistas, pero todo de mentira, o sea, sin repÃºblica y sin democracia. 
En @degorilas lo dijimos siempre. Te acordÃ¡s?",2023-10-29 22:57:56+00:00,Tweet,carolina_moine,Carolina Moine,Ciudad AutÃ³noma de Buenos Aire,https://twitter.com/carolina_moine/status/1718764130759241728,157,5,76,[],"[UserRef(id=374699026, username='agusantonetti', displayname='AgustÃ­n Antonetti', _type='snscrape.modules.twitter.UserRef'), UserRef(id=1205653556050743299, username='DeGorilas', displayname='El Club de los Gorilas - Oficial', _type='snscrape.modules.twitter.UserRef')]",Fraude
1726717357358465282,"En Argentina votaron 15 millones de persona de forma manual. Sin ninguna tecnologÃ­a, y nadie cantÃ³ trampa. Por algo el mundo entero realiza aÃºn con toda la tecnologÃ­a del mundo, las elecciones manuales. La confianza estÃ¡ en el pueblo quien cuida y es garante del voto, sin fraude https://t.co/x5RLyELwPG",2023-11-20 21:41:13+00:00,Tweet,Jhoanromerofv,Jhoan Manuel,"Calabozo, Venezuela",https://twitter.com/Jhoanromerofv/status/1726717357358465282,0,0,0,[],[],Fraude
1729149692775198850,"Don't Wait For The New Your To Start Your Business! Get A Head Start Today With Business Anywhere. 

-No SSN Required 
-Easy &amp; Affordable",2023-11-27 14:46:27+00:00,Tweet,BizAnyio,BusinessAnywhere,"Cheyenne, WY",https://twitter.com/BizAnyio/status/1729149692775198850,214,0,7,[],[],Fraude
1726190046921773404,"Portugal ğŸ‡µğŸ‡¹ ğŸ‡µğŸ‡¹ğŸ‡µğŸ‡¹ğŸ‡µğŸ‡¹ğŸ‡µğŸ‡¹
#MassaPresidente2023
 #EleccionesArgentina2023
 #Balotaje2023
 #eleccionesexterior 

CÃ¡mara electoral de Argentina descarta sospechas de fraude en elecciones presidenciales ğŸ‘‰ğŸ»ğŸ‘‰ğŸ»ğŸ‘‰ğŸ»ğŸ‘‰ğŸ» ğŸ§µ

https://t.co/JzhCJ9RwBh",2023-11-19 10:45:52+00:00,Tweet,ARGprovincia25,ARGprovincia25,,https://twitter.com/ARGprovincia25/status/1726190046921773404,8,1,6,"['MassaPresidente2023', 'EleccionesArgentina2023', 'Balotaje2023', 'eleccionesexterior']",[],Fraude
1726540554102767675,"EspaÃ±a ya sabe lo que tiene que hacer en las prÃ³ximas elecciones, controlar los votos a muerte como han hecho en Argentina ğŸ‡¦ğŸ‡· para que no haya fraude electoral, que es lo que hemos tenido el 23J",2023-11-20 09:58:40+00:00,Tweet,lorstar08,El Hater De Tuiter,,https://twitter.com/lorstar08/status/1726540554102767675,1,0,0,[],[],Fraude
1699147386445017108,"Tengo un datazo: si entrÃ¡s a la app de MODO tenÃ©s las mejores promos para vos en un mismo lugar. ElegÃ­ la que quieras y ahorrÃ¡ con MODO, la billetera de los descuentos.",2023-09-05 19:48:00+00:00,Tweet,MODO_Arg,MODO,"Buenos Aires, Argentina",https://twitter.com/MODO_Arg/status/1699147386445017108,145,10,13,[],[],Fraude
1728553811034214760,"Â¿CÃ³mo ganÃ³ Milei en Argentina y hubiera perdido en Bolivia?
La respuesta es simple, a pesar de que el socialismo empobreciÃ³ antes a la Argentina no logrÃ³ tomar las instituciones mientras en Bolivia si, por eso las elecciones tienden al fraude.",2023-11-25 23:18:38+00:00,Tweet,gabolibertarian,Gabriel Garcia Alvarez,Santa Cruz/Bolivia,https://twitter.com/gabolibertarian/status/1728553811034214760,1,1,0,[],[],Fraude
1726717934591205567,"En Argentina votaron 15 millones de persona de forma manual. Sin ninguna tecnologÃ­a, y nadie cantÃ³ trampa. Por algo el mundo entero realiza aÃºn con toda la tecnologÃ­a del mundo, las elecciones manuales. La confianza estÃ¡ en el pueblo quien cuida y es garante del voto, sin fraude https://t.co/6EIdldrUfg",2023-11-20 21:43:31+00:00,Tweet,FuerzaVecinalCG,FuerzaVecinalCG,"Calabozo, Venezuela",https://twitter.com/FuerzaVecinalCG/status/1726717934591205567,0,0,0,[],[],Fraude
1722662287968706911,"@Mariasollb No tenemos fraude, en Argentina las elecciones son transparentes y el sistema electoral es fuerte, cualquier intento se corrige y no impacta 
https://t.co/LebHYTwW0O",2023-11-09 17:07:49+00:00,Tweet,almanieIsen,áµƒË¡áµáµƒ,,https://twitter.com/almanieIsen/status/1722662287968706911,7,1,0,[],"[UserRef(id=947922114, username='Mariasollb', displayname='Ğ¼ Î± r Î¹ Î± Ñ• o l', _type='snscrape.modules.twitter.UserRef')]",Fraude
1718982395355922454,"En la Ãºltima semana vimos videos virales que muestran errores, en el llenado de los telegramas, o en la carga de la info al sistema. AcÃ¡ un video denuncia que la mesa 1259 de Misiones tiene un error y cargaron sÃ³lo 2 votos a Milei, cuando deberÃ­an ser 106.
https://t.co/ikNpU6KryB",2023-10-30 13:25:14+00:00,Tweet,rquiroga777,Rodrigo Quiroga ğŸ”¬,"CÃ³rdoba, Argentina",https://twitter.com/rquiroga777/status/1718982395355922454,725,6,163,[],[],Fraude
1725556397331427560,"En la Argentina no hay fraude. Las elecciones son transparentes, justas y libres. Respetan las reglas de normas y precedentes judiciales que dieron sustento, apoyo y legitimidad a cuatro dÃ©cadas de democracia consolidada. No rompamos lo que funciona bien. Tampoco dudemos de ello.",2023-11-17 16:47:59+00:00,Tweet,facucruz,Facu Cruz,"La Paternal, CABA",https://twitter.com/facucruz/status/1725556397331427560,28,1,11,[],[],Fraude
1729468045540622517,âœˆï¸Join TG channel and have funâœˆï¸,2023-11-28 11:51:28+00:00,Tweet,ixXFelixXxi,Felix,,https://twitter.com/ixXFelixXxi/status/1729468045540622517,234,5,7,[],[],Fraude
1726606219966837026,"MÃ¡s allÃ¡ de quiÃ©n ganÃ³ en las elecciones, hay que remarcar que en Argentina se terminÃ³ la polÃ­tica del fraude y el clientelismo. El que haga las cosas mal, se va. Eso es democracia. 
Y los polÃ­ticos, deben ver mÃ¡s los cÃ³digos y menos los bolsillos. 

#EleccionesArgentina2023",2023-11-20 14:19:36+00:00,Tweet,DanielGorosit07,Daniel Gorosito,Argentina,https://twitter.com/DanielGorosit07/status/1726606219966837026,0,0,0,['EleccionesArgentina2023'],[],Fraude
1726608654407995488,"Lo Ãºnico que dirÃ© sobre Argentina es que, cuando gana las elecciones el conservador ultraderechista, sus fanÃ¡ticos gritan DEMECROCIA y no FRAUDE cuando pierden.

Solo esito para pensar que, cuando les conviene es una democracia transparente y cuando no, es fraude ğŸ™ƒ",2023-11-20 14:29:16+00:00,Tweet,Maraalm_,Maraalm ğŸ’œğŸŒ»,Bolivia ,https://twitter.com/Maraalm_/status/1726608654407995488,5,0,0,[],[],Fraude
1726792503108444305,"El Sr. Milei estÃ¡ equivocado al hablar de la Argentina rica y potencia del siglo 19. SÃ³lo era Ã©poca de los grandes ricos que tiraban manteca al techo en los barcos que iban a Europa, mientras en Buenos Aires se vivÃ­a en pobrÃ­simos conventillos y las elecciones eran un fraude.ğŸ‘‡",2023-11-21 02:39:49+00:00,Tweet,alsersocimo,Alberto SersÃ²cimo,,https://twitter.com/alsersocimo/status/1726792503108444305,0,1,0,[],[],Fraude
1726754924543848649,"@homeror44769895 @julianaoxenford Elecciones truchas. Una farsa, chÃ©!

Gana Milei: Argentina, elecciones limpias no como en PerÃº q le hicieron fraude a Keiko! ğŸ¤¡",2023-11-21 00:10:30+00:00,Tweet,heroudr,heroud ramos,PerÃº,https://twitter.com/heroudr/status/1726754924543848649,12,2,0,[],"[UserRef(id=701140365135519744, username='homeror44769895', displayname='Homero RodrÃ­guez.', _type='snscrape.modules.twitter.UserRef'), UserRef(id=1271961894685937670, username='julianaoxenford', displayname='Juliana Oxenford', _type='snscrape.modules.twitter.UserRef')]",Fraude
1726787800236949556,"Pensar que mi cumple (post primera vuelta de elecciones) estaba sÃºper triste e indignada (ahora entiendo que fue todo fraude puro). Hoy me siento mÃ¡s que Feliz xq 55% de argentina eligiÃ³ la LIBERTAD. Bien o mal, convencidos o no pero ELIGIERON. ğŸ¦ğŸ‡¦ğŸ‡·",2023-11-21 02:21:08+00:00,Tweet,MicaCalderoni,mica,"Ramos MejÃ­a, Argentina",https://twitter.com/MicaCalderoni/status/1726787800236949556,0,0,0,[],[],Fraude
1716226610016215392,"@maps_black @JustAQuokka ""No hay fraude en Argentina"" 
Literal las elecciones pasadas salieron padrones dÃ³nde aparecÃ­a gente muerta y animales que votaron xd",2023-10-22 22:54:44+00:00,Tweet,Bayeksito,Bayek ğŸ¦…ğŸ‡¦ğŸ‡·,,https://twitter.com/Bayeksito/status/1716226610016215392,39,1,0,[],"[UserRef(id=1274191176267071490, username='maps_black', displayname='BlackMaps ğŸ—ºï¸', _type='snscrape.modules.twitter.UserRef'), UserRef(id=1205915611, username='JustAQuokka', displayname='Quokka', _type='snscrape.modules.twitter.UserRef')]",Fraude
1726672482617426072,"En #Argentina nunca ganÃ³ #Massa, solo que ayer los #Argentinos llenaron las elecciones de fiscalizadores e impidieron el fraude del que ""Se sentÃ­a ganador pero con pocas diferencias de votos"". Acaban de fulminar el sistema siniestro de fraude electoral Made in Cuba.",2023-11-20 18:42:54+00:00,Tweet,giomuntor,giomuntor,,https://twitter.com/giomuntor/status/1726672482617426072,0,0,0,"['Argentina', 'Massa', 'Argentinos']",[],Fraude
1726533478957851091,"Las elecciones en Argentina resultan ser un FRAUDE AL PUEBLO. Es otro experimento acaso? El anuncio se realizÃ³ sin haber visto siquiera un dato.
Algo insÃ³lito. Quieren saber si nos cansan de luchar? Nos entregaron en bandeja acaso? Basta de llorar y pÃ³ngase a analizar",2023-11-20 09:30:33+00:00,Tweet,cris_in,cris â­â­â­,Ciudad AutÃ³noma de Buenos Aire,https://twitter.com/cris_in/status/1726533478957851091,0,0,0,[],[],Fraude
1726585603301732651,"En Google a las 7 am los resultados de las elecciones en Argentina, ya estaban los cÃ³mputos publicados por paÃ­s, estado, distrito, comuna y mesa. Asombrosa eficiencia electoral, toda la votaciÃ³n manual, escrutinio en cada mesa , sin incidente alguno y sin quejas de fraude",2023-11-20 12:57:40+00:00,Tweet,raulmaestresm,@RaulMaestres,,https://twitter.com/raulmaestresm/status/1726585603301732651,5,0,3,[],[],Fraude
1727318882606891035,@saludhernandezm Que disonancia cognitiva la de ustedes. Acepten que perdieron y yaÂ¿Ven a la izquierda masivamente hablar de fraude en Argentina o en Ecuador? Â¡No! Pierden y viven con ello. En contraste con la derecha espaÃ±ola que quiere ir a elecciones hasta que ganen y si no el resto es Stalin.,2023-11-22 13:31:28+00:00,Tweet,SaGarcesCorrea,Santi GarcÃ©s Correa,Â¿En quÃ© parte del mundo estÃ¡s?,https://twitter.com/SaGarcesCorrea/status/1727318882606891035,11,0,2,[],"[UserRef(id=201398373, username='saludhernandezm', displayname='Salud HernÃ¡ndez-Mora', _type='snscrape.modules.twitter.UserRef')]",Fraude
1726886961351122993,"@JMilei__ ADELANTE CAMPEON. LA IZQUIERDA CORRUPTA FRAUDULENTA DIRIGIRA DESDE LA HABANA SE RETURZE.
POR ESO NO LE GUSTA LAS ELECCIONES Y SON LA MATA DEL FRAUDE.
PARECE QUE NI MADURO NI DIAZ CANEL NO PUDIERON METER SUS MANOS LLENAS DE KK EN ARGENTINA
@CubaMINREX @DiazCanelB @lemondefr",2023-11-21 08:55:10+00:00,Tweet,GusanonXL,GUSANON LAWTON,,https://twitter.com/GusanonXL/status/1726886961351122993,1,0,1,[],"[UserRef(id=1293392190257987584, username='JMilei__', displayname='Javier Milei Presidente', _type='snscrape.modules.twitter.UserRef'), UserRef(id=141493488, username='CubaMINREX', displayname='CancillerÃ­a de Cuba', _type='snscrape.modules.twitter.UserRef'), UserRef(id=1025037163291914240, username='DiazCanelB', displayname='Miguel DÃ­az-Canel BermÃºdez', _type='snscrape.modules.twitter.UserRef'), UserRef(id=24744541, username='lemondefr', displayname='Le Monde', _type='snscrape.modules.twitter.UserRef')]",Fraude
1726535391505998192,"@aflorrick77 Justamente por las experiencias previas en ambos paÃ­ses, la oposiciÃ³n en Argentina logrÃ³ controlar las elecciones contra el fraude. Fue todo un programa de ingenierÃ­a humana, legal e informÃ¡tica que redujo el efecto del fraude a mÃ­nimos %. Es largo de enumerar. No fue fÃ¡cil.",2023-11-20 09:38:09+00:00,Tweet,jasosno,Javier Sosnowski,Spain - Poland,https://twitter.com/jasosno/status/1726535391505998192,3,1,0,[],"[UserRef(id=1082752193680326661, username='aflorrick77', displayname='Alicia Florrick', _type='snscrape.modules.twitter.UserRef')]",Fraude
1726567931491099021,La Argentina demostrÃ³ en la segunda vuelta electoral que si se puede evitar el fraude. Esperemos que esto sirva de ejemplo y tambiÃ©n nosotros los Estados Unidos lo podemos evitar en las elecciones 2024. SÃ³lo asÃ­ la Libertad Avanza.,2023-11-20 11:47:27+00:00,Tweet,RDiosmel2,Diosmel Rodriguez Vega,"Port LaBelle, FL",https://twitter.com/RDiosmel2/status/1726567931491099021,0,0,0,[],[],Fraude
1726938100969230389,Las elecciones  en Argentina tuvieron como protagonista la fiscalizaciÃ³n de los votos Luego de una primera vuelta de una transparencia dudosa se logrÃ³ una masiva movilizaciÃ³n para proteger los votos y evitar el fraude algo que paralizÃ³ cualquier intenciÃ³n de amaÃ±ar las elecciones,2023-11-21 12:18:22+00:00,Tweet,RDiosmel2,Diosmel Rodriguez Vega,"Port LaBelle, FL",https://twitter.com/RDiosmel2/status/1726938100969230389,0,0,0,[],[],Fraude
1728941924940161457,"Coral AI is one of the best productivity tools for college students.

You simply upload a PDF of your textbook, class notes, or lecture slides, and it will answer any question about the document. 

It's like ChatGPT, but built for students.

The best part -- it's free.",2023-11-27 01:00:51+00:00,Tweet,coralai_,Coral AI,,https://twitter.com/coralai_/status/1728941924940161457,152,0,5,[],[],Fraude
1726542190149865830,"@rafapal En Argentina en todas las elecciones la gente vota en masa porque votar es obligatorio. Asique tu anÃ¡lisis esta mal. Lo que evita el fraude es la fiscalizaciÃ³n de las mesas electorales, es imposible ganar las elecciones si no tenes gente que fiscalice en todo el paÃ­s",2023-11-20 10:05:10+00:00,Tweet,CristoBrown,Cristian Bruno,,https://twitter.com/CristoBrown/status/1726542190149865830,1,1,0,[],"[UserRef(id=56460024, username='rafapal', displayname='Rafapal', _type='snscrape.modules.twitter.UserRef')]",Fraude
1727447517825061281,"Cuando hay elecciones en paÃ­ses que en occidente y sobre todo EspaÃ±a consideramos â€œavanzadosâ€ uno se da cuenta de lo atrasados que son, en EspaÃ±a o mismamente en Argentina el otro dÃ­a en 2h estÃ¡ todo contado. EEUU siempre hay fraude y tarda semanas y estos contando âœ…",2023-11-22 22:02:37+00:00,Tweet,CangurSedicios,CangurSediciÃ³s âœ¯ â˜­ ğŸ‡¨ğŸ‡ºğŸ‡µğŸ‡¸ğŸ‡ªğŸ‡­ğŸ‡·ğŸ‡ºğŸ‡¨ğŸ‡³ğŸ‡·ğŸ‡¸ğŸ”»ğŸ¦˜,"||â˜…||Barcelona, Catalunya â˜­â˜…â™€ï¸",https://twitter.com/CangurSedicios/status/1727447517825061281,1,1,0,[],[],Fraude
1727445213814092272,"PaÃ­ses Bajos ğŸ‡³ğŸ‡±: asÃ­ es la difÃ­cil tarea del recuento de votos.

Las â€˜sÃ¡banas electoralesâ€™ son papeletas de enormes dimensiones que incluyen a todos los partidos y donde los ciudadanos deben marcar sus preferencias de voto.

https://t.co/EqNRLwPZK9 #verkiezingen2023 https://t.co/axEMi6IBVa",2023-11-22 21:53:28+00:00,Tweet,electo_mania,EM-electomania.es,,https://twitter.com/electo_mania/status/1727445213814092272,220,15,37,['verkiezingen2023'],[],Fraude
1678723759551782913,"""...Toda reuniÃ³n (tambiÃ©n virtual) deberÃ­a comenzar con un chequeo de si es necesaria, asumiendo que no...""

DeberÃ­an ser opt-in en vez de opt-out.

ExtraÃ­do de https://t.co/4xvY6Yu0L4",2023-07-11 11:11:48+00:00,Tweet,LeoPiccioli,Leo Piccioli,Unite a +50000 lÃ­deres â†’,https://twitter.com/LeoPiccioli/status/1678723759551782913,537,14,73,[],[],Fraude
1726773401572770035,@VanessaOrtizz Por lo visto en Argentina las elecciones son transparentes. No hubieron protestas de fraude.  Venezuela la otra cara de la moneda al no haber independencia de Poderes!,2023-11-21 01:23:55+00:00,Tweet,crispetersen,Cristian Petersen,,https://twitter.com/crispetersen/status/1726773401572770035,1,1,0,[],"[UserRef(id=233410554, username='VanessaOrtizz', displayname='Vanessa Ortiz', _type='snscrape.modules.twitter.UserRef')]",Fraude
1726632426808779060,"#Argentina #Bolivia

Â¿No van a salir los perdedores a gritar que hubo FRAUDE en las elecciones? Â¿Tampoco van a decir que faltan los votos del campo para dar vuelta la elecciÃ³n?

Esa es la gran diferencia, allÃ¡ el que pierde acepta su derrota, no grita ni fraude ni golpe.",2023-11-20 16:03:44+00:00,Tweet,dbg_bo,Diego Bracamonte G Ù†,"La Paz, Bolivia",https://twitter.com/dbg_bo/status/1726632426808779060,0,0,0,"['Argentina', 'Bolivia']",[],Fraude
1727523033017971197,"@liberalote12 @FacuLoterOk Angelici es un dirigente radical relacionado a los peores manejos polÃ­ticos, incluso acusado de hacer fraude en las elecciones italianas en Argentina.",2023-11-23 03:02:41+00:00,Tweet,patoujas,Pablo Toujas,Buenos Aires,https://twitter.com/patoujas/status/1727523033017971197,0,0,0,[],"[UserRef(id=1050523983840534529, username='liberalote12', displayname='Libertad, siempre!!', _type='snscrape.modules.twitter.UserRef'), UserRef(id=1326713664502706177, username='FacuLoterOk', displayname='Facu Loter âœï¸', _type='snscrape.modules.twitter.UserRef')]",Fraude
1726697562718327209,"@susanadevaldez Lo que infiere el Tuit es que esta gente afÃ­n a Semilla ahora anda diciendo que en Argentina nadie alegÃ³ ni nadie se puso a tratar de quitar a los candidatoa electos  despuÃ©s de las elecciones cÃ³mo se hizo en Guatemala, cuando si alegaron de fraude y pidieron recuento de  votos",2023-11-20 20:22:34+00:00,Tweet,r3n3strada,Orgulloso de ser ChapÃ­n ! ğŸ‡¬ğŸ‡¹ H777,Guatemala,https://twitter.com/r3n3strada/status/1726697562718327209,4,2,0,[],"[UserRef(id=962901505, username='susanadevaldez', displayname='Susana de Valdez', _type='snscrape.modules.twitter.UserRef')]",Fraude
1726628420921197047,"Que suspenda telesur, nada mas daÃ±ino para la mente humana que esa desgracia. Ayer no dijeron nada de las elecciones de Aegentina, pasaron toda la noche el fraude del simulacro de referendum en Venezuela. Saquelo del aire en Argentina.",2023-11-20 15:47:49+00:00,Tweet,mberroteran,Marcos J. BerroterÃ¡n,,https://twitter.com/mberroteran/status/1726628420921197047,0,0,0,[],[],Fraude
1726575344709427293,"ğŸ‡¦ğŸ‡· | El nuevo PRESIDENTE Javier Milei acaba de anunciar la privatizaciÃ³n de los deficitarios organismos pÃºblicos de propaganda kirchnerista: la TV PÃºblica, Radio Nacional y Agencia TELAM. Hermosa noticia. La prensa serÃ¡ completamente LIBRE. https://t.co/BsBzou5NHz",2023-11-20 12:16:55+00:00,Tweet,agusantonetti,AgustÃ­n Antonetti,"Miami, FL",https://twitter.com/agusantonetti/status/1726575344709427293,23889,481,5994,[],[],Fraude
1726589855462006896,"Me es curioso que el comando de Milei acusara fraude antes de las elecciones.

Pierde el oficialismo,
lo acata sin cuestionamientos ni desÃ³rdenes.

Hubiera perdido Milei,
la derecha argentina cartel
estarÃ­a acusando fraude.

#pantomima",2023-11-20 13:14:34+00:00,Tweet,_sonetos,ğŸ•Šï¸ OriÃ³n ğŸ•›,,https://twitter.com/_sonetos/status/1726589855462006896,0,0,0,['pantomima'],[],Fraude
1727365565319413908,@Ojo_Kritico Masa es un soberbio. Las elecciones le han marcado su lÃ­mite. La gente se cansÃ³ de su soberbia. No puede comprar a todo el mundo a su gusto y conveniencia personal. TambiÃ©n fue una forma de practicar fraude electoral.. Apretar a la SelecciÃ³n Argentina.,2023-11-22 16:36:58+00:00,Tweet,MariaLe00654302,Maria Lehmann,,https://twitter.com/MariaLe00654302/status/1727365565319413908,4,0,0,[],"[UserRef(id=889709533, username='Ojo_Kritico', displayname='Juan Domingo Underwood', _type='snscrape.modules.twitter.UserRef')]",Fraude
1726602222736490854,"En las prÃ³ximas elecciones, cuando pierda Milei, habrÃ¡ acusaciones de fraude, manifestantes por la calle con la camiseta de la selecciÃ³n de Argentina, acampadas, gente rezando, otros asaltando el congreso... Alguno quiere apostar algo? Nadie? Seguro que nadie?",2023-11-20 14:03:43+00:00,Tweet,Varth_Dater,Varth Dater,Madrid-Donostia,https://twitter.com/Varth_Dater/status/1726602222736490854,1,0,0,[],[],Fraude
1726943632442392593,@evoespueblo @Pontifex_es Jajajaja y el fraude de las ultimas elecciones en Bolivia? El miedo que impusieron en la calle con los militares? No va a hablar de la dictadura que impuso USTED en su pais? O CMO LOS BOLIVIANOS HUYEN PARA ARGENTINA PARA COMER Y VIVIR?,2023-11-21 12:40:21+00:00,Tweet,chinagarciia,China ğŸŒ¸,,https://twitter.com/chinagarciia/status/1726943632442392593,0,0,0,[],"[UserRef(id=720786569792253952, username='evoespueblo', displayname='Evo Morales Ayma', _type='snscrape.modules.twitter.UserRef'), UserRef(id=525264466, username='Pontifex_es', displayname='Papa Francisco', _type='snscrape.modules.twitter.UserRef')]",Fraude
1727397485969383812,"@tutoquiroga @clau_eas @MariaCorinaYA @JMilei @ErbolDigital @noticiasfides @RedUnoTv @LosTiemposBol Mucha preocupaciÃ³n por Elecciones de Argentina y Venezuela, pero en Bolivia como estamos?
1. Fraude 2019 caso cerrado judicialmente por falta de pruebas...hay pruebas nadie las presenta
2. Fraude 2020 y 2021 hay pruebas nadie las presenta
PERDEMOS POR ğŸ¥šğŸ¥šğŸ¥š y cÃ¡lculo politico",2023-11-22 18:43:48+00:00,Tweet,JuanPuebloLibre,Juan Pueblo,,https://twitter.com/JuanPuebloLibre/status/1727397485969383812,2,0,0,[],"[UserRef(id=49439815, username='tutoquiroga', displayname='Tuto Quiroga', _type='snscrape.modules.twitter.UserRef'), UserRef(id=1193863623480946688, username='clau_eas', displayname='Clau_eas', _type='snscrape.modules.twitter.UserRef'), UserRef(id=102482331, username='MariaCorinaYA', displayname='MarÃ­a Corina Machado', _type='snscrape.modules.twitter.UserRef'), UserRef(id=4020276615, username='JMilei', displayname='Javier Milei', _type='snscrape.modules.twitter.UserRef'), UserRef(id=188870982, username='ErbolDigital', displayname='ERBOL', _type='snscrape.modules.twitter.UserRef'), UserRef(id=209279715, username='noticiasfides', displayname='Agencia de Noticias Fides', _type='snscrape.modules.twitter.UserRef'), UserRef(id=935136477616443393, username='RedUnoTv', displayname='Red Uno de Bolivia', _type='snscrape.modules.twitter.UserRef'), UserRef(id=94438031, username='LosTiemposBol', displayname='Los Tiempos', _type='snscrape.modules.twitter.UserRef')]",Fraude
1729467565867487312,âœˆï¸Join TG channel and have fun...,2023-11-28 11:49:34+00:00,Tweet,x13ozz,Tomek k,,https://twitter.com/x13ozz/status/1729467565867487312,235,8,6,[],[],Fraude
1726971790122242262,"@El_Universal_Mx Â¿Ah no esta de acuerdo?

Entonces que se cancelen las elecciones en Argentina y declaren fraude, pidan voto casilla por casilla.

Dijo nadie, nunca en Argentina.

Por ahÃ­ es, lo primero a celebrar, es que se demuestra que un paÃ­s se puede deshacer de la basura socialista.",2023-11-21 14:32:15+00:00,Tweet,PNeoliberalMx,P@rtid0 Neoliberal,,https://twitter.com/PNeoliberalMx/status/1726971790122242262,1,0,0,[],"[UserRef(id=16676396, username='El_Universal_Mx', displayname='El Universal', _type='snscrape.modules.twitter.UserRef')]",Fraude
1726632192179335342,"@rjlaparra Mano, Milei es un polÃ­tico de renombre en ğŸ‡¦ğŸ‡·, con una gran trayectoria. Muchas encuestas apuntaban su victoria. En cambio acÃ¡ ni siquiera sabÃ­an que ArÃ©valo tenÃ­a un hijo en el congreso, menos su nombre. Un fraude Total el de acÃ¡ comparado con las elecciones de  argentina.",2023-11-20 16:02:48+00:00,Tweet,Starkiller8844,Starkiller.,,https://twitter.com/Starkiller8844/status/1726632192179335342,0,1,0,[],"[UserRef(id=328287843, username='rjlaparra', displayname='Ricardo Laparra ğŸŒ±', _type='snscrape.modules.twitter.UserRef')]",Fraude
1726595174921617495,"En MÃ©xico padecimos el fraude electoral que impuso al espurio de Felipe CalderÃ³n y a Enrique PeÃ±a Nieto, sabemos el horror de esos dos gobiernos IMPUESTOS. Pero tambiÃ©n tuvimos a nuestro Milei cuando GANÃ“ las elecciones Vicente FOX, en ese sentido Argentina eligiÃ³ su abismo.",2023-11-20 13:35:42+00:00,Tweet,VeroRamRan,VerÃ³nica RamÃ­rez ğŸ’™ ğŸ•Šï¸â˜®ï¸,,https://twitter.com/VeroRamRan/status/1726595174921617495,0,0,0,[],[],Fraude
1726654365052829821,"QUE ALEGRÃA,ESTOY FELÃZ!GRACIAS A DIOS,Ã‰L PONE LAS AUTORIDADES,Y SE CANSO DE TANTA CORRUPCIÃ“N EN SÃš ARGENTINA UNA TIERRA MUY BENDECIDA GRACIAS SEÃ‘OR JESÃšS POR ESTAR EN LAS ELECCIONES Y GUARDAR A TODOS DE CUALQUIER ATAQUE Y QUE NO SE HAGA FRAUDE,Y ASI FUÃ‰, AMÃ‰N, PASTORA PROFETA.",2023-11-20 17:30:54+00:00,Tweet,GRACE98141875,GRACE DEAR ğŸ‡¦ğŸ‡·ğŸ‡°ğŸ‡¿,Tortuguitas Buenos Aires Argen,https://twitter.com/GRACE98141875/status/1726654365052829821,1,0,0,[],[],Fraude
1726625910600982897,ESTO ERA LO PELIGROSO??? https://t.co/WXQxxneqlp,2023-11-20 15:37:50+00:00,Tweet,peladodea24,El pelado de A24,Parody,https://twitter.com/peladodea24/status/1726625910600982897,8731,132,2344,[],[],Fraude
1728362406642889018,"@HoracioCabak @MarilynFaccas @mauriciomacri Horacio querido,jamÃ¡s ganaron,hicieron Fraude como siempre en todas las elecciones,Los Kirchner nos encontrarÃ¡n desprevenidos,no tenÃ­amos idea de lo KORRUPTOS y Delinkuentes qe eran,pero g.a.dios zafamos!!",2023-11-25 10:38:03+00:00,Tweet,MiArgentinaViva,MI ARGENTINA VIVA,,https://twitter.com/MiArgentinaViva/status/1728362406642889018,0,0,0,[],"[UserRef(id=64407857, username='HoracioCabak', displayname='Horacio Cabak', _type='snscrape.modules.twitter.UserRef'), UserRef(id=191310591, username='MarilynFaccas', displayname='Marilyn Tonelliâœ‹', _type='snscrape.modules.twitter.UserRef'), UserRef(id=24900072, username='mauriciomacri', displayname='Mauricio Macri', _type='snscrape.modules.twitter.UserRef')]",Fraude
1728940631165120581,"Do you want to ask your books questions?

That's now possible with this AI tool. 

Just upload any PDF book and ask a question. You'll get an answer with page citations in seconds. 

The best part? It's free.",2023-11-27 00:55:43+00:00,Tweet,coralai_,Coral AI,,https://twitter.com/coralai_/status/1728940631165120581,123,0,4,[],[],Fraude
1727196738937876525,"â€œFascismoâ€, â€œneoliberalismoâ€, â€œultraderechismoâ€â€¦ no, no es un meme, es el ex narco-presidente boliviano que hizo fraude en las elecciones del 2019, y que el fracasado de Alberto FernÃ¡ndez le dio cobijo en Argentina. Por Agustin Laje",2023-11-22 05:26:06+00:00,Tweet,LuzAlbelo,Sensei Luz Jimenez,"Puerto Rico, USA",https://twitter.com/LuzAlbelo/status/1727196738937876525,0,0,0,[],[],Fraude
1726920415900029163,"Nunca vamos a desear Ã©xito al fascismo, ultraderechismo y neoliberalismo que insulta al Hermano Papa de los pobres @Pontifex_es, ofrece la venta de Ã³rganos y agrede a pueblos hermanos como China, Brasil, Venezuela, Cuba y Nicaragua para apoyar al sionismo genocida y al imperialismo yanqui desde AmÃ©rica Latina. 

Respetamos la decisiÃ³n democrÃ¡tica del hermano pueblo argentino.  Pero como MAS-IPSP, la organizaciÃ³n polÃ­tica indÃ­gena y popular mÃ¡s grande de la historia de Bolivia nos mantenemos firmes en la lucha ideolÃ³gica contra la ultraderecha.

Nunca claudicaremos nuestros principios ante los aliados de los que enviaron armamento para sostener al gobierno de facto de Jeanine AÃ±ez.",2023-11-21 11:08:06+00:00,Tweet,evoespueblo,Evo Morales Ayma,,https://twitter.com/evoespueblo/status/1726920415900029163,21667,14223,5203,[],"[UserRef(id=525264466, username='Pontifex_es', displayname='Papa Francisco', _type='snscrape.modules.twitter.UserRef')]",Fraude
1728445289277665623,"Ante el triunfo de Avellaneda las filas mitristas se levantan en revoluciÃ³n, aunque el mismo Mitre habÃ­a llamado a aceptar el resultados de las elecciones, denunciado fraude electoral en las elecciones de febrero en Buenos Aires y en las presidenciales de abril. DespuÃ©s de meses de mucha tensiÃ³n finalmente la revoluciÃ³n mitrista explotÃ³ el 24 de septiembre por la maÃ±ana. Esta tardarÃ­a tres meses en ser totalmente reprimida y dejo un saldo de miles de muertos.",2023-11-25 16:07:24+00:00,Tweet,OldArg1810,Argentina en la Memoria,"Buenos Aires, Argentina",https://twitter.com/OldArg1810/status/1728445289277665623,64,1,12,[],[],Fraude
1714438181959926061,Estos son los refranes mÃ¡s conocidos del habla hispana que la mayorÃ­a de las personas conocen de memoria. Pon a prueba tus conocimientos y mira cuÃ¡ntos puedes completar. ğŸ˜,2023-10-18 00:28:09+00:00,Tweet,LifestyleLatino,Lifestyle Latino,United States,https://twitter.com/LifestyleLatino/status/1714438181959926061,288,29,41,[],[],Fraude
1726955153054728644,"@homeror44769895 @julianaoxenford No jodan, en las elecciones del PerÃº ğŸ‡µğŸ‡ª hubo fraude, votaron muertos ğŸ’€ y niÃ±os ğŸ§’ğŸ¼ asÃ­ que no me vengan! ğŸ¤” Siempre la Juliana metiendo cizaÃ±a, a ver si ahora regresa a su paÃ­s Argentina ğŸ‡¦ğŸ‡· y se deja de estar jodiendo en el PerÃº ğŸ‡µğŸ‡ª",2023-11-21 13:26:08+00:00,Tweet,11Migueloscar28,MIGUELOSCAR28/11,,https://twitter.com/11Migueloscar28/status/1726955153054728644,2,0,0,[],"[UserRef(id=701140365135519744, username='homeror44769895', displayname='Homero RodrÃ­guez.', _type='snscrape.modules.twitter.UserRef'), UserRef(id=1271961894685937670, username='julianaoxenford', displayname='Juliana Oxenford', _type='snscrape.modules.twitter.UserRef')]",Fraude
1726630654530695546,@CMonteroOficial No seas ğŸ¤¡ en Argentina dentro de todo se hacen elecciones y se respetan los resultados electorales. En Venezuela el rÃ©gimen las manipula a su antojo convirtiÃ©ndolas en un total fraude.,2023-11-20 15:56:41+00:00,Tweet,Vasquez_Leon,Vasquez_Leon,,https://twitter.com/Vasquez_Leon/status/1726630654530695546,0,0,0,[],"[UserRef(id=119758810, username='CMonteroOficial', displayname='Carlos Montero', _type='snscrape.modules.twitter.UserRef')]",Fraude
1726790902918586672,"Excelente discurso del nuevo presidente de Argentina. Quien se cree LÃ³pez, para andar interviniendo en las elecciones de otros paÃ­ses??

Desgraciadamente asÃ­ va a intervenir en nuestras prÃ³ximas elecciones en MÃ©xico ğŸ‡²ğŸ‡½, en un fraude anunciado.
Se cree el dueÃ±o de MÃ©xico.",2023-11-21 02:33:28+00:00,Tweet,marcela94925,Marcela Evans,,https://twitter.com/marcela94925/status/1726790902918586672,0,0,0,[],[],Fraude
1726588986767106459,"ğŸ—£ï¸ â€œLÃ³pez Obrador es patÃ©tico, repugnanteâ€. 

Las palabras de @JMilei 
sobre @lopezobrador_ son una joya. 

ğŸ”¹!El presidente de Argentina tiene toda la razÃ³n! Aplausos de pie. https://t.co/SfMQGpp5AV",2023-11-20 13:11:07+00:00,Tweet,Marcela_Feraud,ğ•„ğ•’ğ•£ğ•©ğ•–ğ•ğ•’ ğ•”ğ• ğ•Ÿ ğ•,En el corazÃ³n de MÃ©xico ğŸ‡²ğŸ‡½,https://twitter.com/Marcela_Feraud/status/1726588986767106459,10055,378,5002,[],"[UserRef(id=4020276615, username='JMilei', displayname='Javier Milei', _type='snscrape.modules.twitter.UserRef'), UserRef(id=82119937, username='lopezobrador_', displayname='AndrÃ©s Manuel', _type='snscrape.modules.twitter.UserRef')]",Fraude
1728797740375683251,"@GuilleGnz @TraductorTeAma Es que iba a serlo en las Ãºltimas elecciones pero hicieron un fraude sin precedentes.

OjalÃ¡ gane Trump, pero depende de Ã©l y su fiscalizaciÃ³n realmente. CÃ³mo paso con Milei en Argentina.

El fraude va a volver a estar, Ã©l se tiene que ocupar de superarlo de alguna manera.",2023-11-26 15:27:55+00:00,Tweet,AndyMPok,ğŸ¯ Andy del 56% âš–ï¸,,https://twitter.com/AndyMPok/status/1728797740375683251,8,0,0,[],"[UserRef(id=1726689162, username='GuilleGnz', displayname='Guilleeeeeee', _type='snscrape.modules.twitter.UserRef'), UserRef(id=1266212657272696832, username='TraductorTeAma', displayname='Traductor ğŸ¥¹ğŸ’•ğŸ’', _type='snscrape.modules.twitter.UserRef')]",Fraude
1726643649562439781,"@rocasgt ğŸ¤¡
Todos sabemos que hicieron fraude en las elecciones.
Sabemos que el TSE forma parte de tu grupo delincuencial.

En Argentina No pudieron hacer lo mismo.

Ya sabemos cÃ³mo opera el extinto Semilla.",2023-11-20 16:48:20+00:00,Tweet,Wiga_Wings,Wings_4_Environment,,https://twitter.com/Wiga_Wings/status/1726643649562439781,2,0,0,[],"[UserRef(id=377790138, username='rocasgt', displayname='RomÃ¡n Castellanos ğŸŒ±ğŸ‡¬ğŸ‡¹', _type='snscrape.modules.twitter.UserRef')]",Fraude
1728444907612676132,"El 14 de abril de 1874, en medio de un ambiente de gran tensiÃ³n con denuncias de fraude electoral, se realizaron las elecciones presidenciales, donde la fÃ³rmula Avellaneda-Acosta derrotÃ³ a la de Mitre-Torrent, que habÃ­a triunfado en Buenos Aires, San Luis, Santiago del Estero y San Juan.",2023-11-25 16:05:53+00:00,Tweet,OldArg1810,Argentina en la Memoria,"Buenos Aires, Argentina",https://twitter.com/OldArg1810/status/1728444907612676132,64,1,12,[],[],Fraude
1729467120742711665,Join TG channel and have funâœˆï¸âœˆï¸âœˆï¸,2023-11-28 11:47:48+00:00,Tweet,binilini1,Joshua Herrmann,,https://twitter.com/binilini1/status/1729467120742711665,196,9,12,[],[],Fraude
1726956854922912247,"@agusantonetti @CarlosacostaEc Gracias a dios, no solo por argentina, sino por todo el continente americano! La meta es volver a tener elecciones seguras y sin fraude, que es la Ãºnica manera cÃ³mo esos delincuentes socialistas han llegado al poder!",2023-11-21 13:32:54+00:00,Tweet,CesarAFerrer1,Cesar Augusto Ferrer,United States,https://twitter.com/CesarAFerrer1/status/1726956854922912247,0,0,0,[],"[UserRef(id=374699026, username='agusantonetti', displayname='AgustÃ­n Antonetti', _type='snscrape.modules.twitter.UserRef'), UserRef(id=1607423857429733378, username='CarlosacostaEc', displayname='Carlos A. Acosta', _type='snscrape.modules.twitter.UserRef')]",Fraude
1726526378336714981,"@unpococansad0_ @leyresantosv Primero: eso es falso.
Segundo: estÃ¡bamos hablando de Argentina.
Tercero: que haya fraude en unas elecciones, no significa que lo haya en todas; que no lo haya en una, no significa que no lo haya en ninguna.",2023-11-20 09:02:20+00:00,Tweet,FloresJuberias,Carlos Flores JuberÃ­as,Valencia (EspaÃ±a / Spain),https://twitter.com/FloresJuberias/status/1726526378336714981,4,1,0,[],"[UserRef(id=1652013216937984001, username='unpococansad0_', displayname='aburrido', _type='snscrape.modules.twitter.UserRef'), UserRef(id=1054409368505143296, username='leyresantosv', displayname='Leyre Santos', _type='snscrape.modules.twitter.UserRef')]",Fraude
1723357002057801745,Find the Ball and beat the rest ğŸ†,2023-11-11 15:08:22+00:00,Tweet,Wagmicomp,Wagmi Competition,ğŸŸï¸,https://twitter.com/Wagmicomp/status/1723357002057801745,4422,351,160,[],[],Fraude
1727756143508754910,"@laderechadiario *Otra prueba de fraude massivo*
El balotaje diÃ³ casi como las PASO, las generales fueron una anomalÃ­a. Comparar los 3 mapas:
https://t.co/DTAFrCXRzJ
Â¿Por quÃ© https://t.co/3F0A8EYUoX bloqueÃ³ el acceso a los telegramas para controlar, a poco de esas elecciones?
Devuelvan diputados!",2023-11-23 18:28:59+00:00,Tweet,Prof_F_Nazar,Prof. F. Nazar,Earth... most of the time =),https://twitter.com/Prof_F_Nazar/status/1727756143508754910,0,0,0,[],"[UserRef(id=1169664359628509184, username='laderechadiario', displayname='La Derecha Diario', _type='snscrape.modules.twitter.UserRef')]",Fraude
1726611147825304044,"@josefehler1 @DeliaFerreira @InfoDINE Nadie hablÃ³ de fraude y sÃ­, fui fiscal en casi todas las elecciones que hubo mientras estuve en Argentina y conozco bastante bien el proceso. No hablÃ© de fraude, le di MG porque coincido en lo mismo que publiquÃ© yo por separado. Y concuerdo sobre BUP (no necesariamente sobre BUE)",2023-11-20 14:39:11+00:00,Tweet,fedetiberti,Federico Tiberti,"Princeton, NJ",https://twitter.com/fedetiberti/status/1726611147825304044,1,1,0,[],"[UserRef(id=779017581025984512, username='josefehler1', displayname='Fehler', _type='snscrape.modules.twitter.UserRef'), UserRef(id=17105128, username='DeliaFerreira', displayname='Delia Ferreira', _type='snscrape.modules.twitter.UserRef'), UserRef(id=284811417, username='InfoDINE', displayname='#EleccionesAR', _type='snscrape.modules.twitter.UserRef')]",Fraude
1726379293259772407,"OjalÃ¡ sea la Ãºltima vez, entre otras cosas, de tener que esperar a que haya un 90% escrutado para que se publiquen los resultados que ya todos saben y hasta 
 conceden. https://t.co/oZa8hvSAEn",2023-11-19 23:17:52+00:00,Tweet,fedetiberti,Federico Tiberti,"Princeton, NJ",https://twitter.com/fedetiberti/status/1726379293259772407,54,5,4,[],[],Fraude
